1.000000000000000000e+00,0.000000000000000000e+00,3.162277660168379256e+01,1.000000000000000000e+00,1.000000000000000000e+00,9.999999999999999547e-07,3.162277660168379523e+00,2.000000000000000000e+00,3.162277660168379394e-03,1.000000000000000000e+00,2.000000000000000000e+02,0.000000000000000000e+00,2.583333333333333592e-01
1.000000000000000000e+00,1.000000000000000000e+00,3.162277660168379256e+01,1.000000000000000000e+00,1.000000000000000000e+00,9.999999999999999547e-07,3.162277660168379523e+00,3.000000000000000000e+00,3.162277660168379394e-03,1.000000000000000000e+00,1.000000000000000000e+02,0.000000000000000000e+00,2.750000000000000222e-01
1.000000000000000000e+00,0.000000000000000000e+00,3.162277660168379256e+01,1.000000000000000000e+00,1.000000000000000000e+00,9.999999999999999547e-07,3.162277660168379523e+00,3.000000000000000000e+00,3.162277660168379394e-03,0.000000000000000000e+00,3.000000000000000000e+02,0.000000000000000000e+00,3.099999999999999978e-01
1.000000000000000000e+00,1.000000000000000000e+00,3.162277660168379256e+01,1.000000000000000000e+00,1.000000000000000000e+00,1.000000000000000082e-05,3.162277660168379523e+00,1.000000000000000000e+00,1.000000000000000048e-04,1.000000000000000000e+00,1.000000000000000000e+02,1.000000000000000000e+00,2.716666666666666119e-01
1.000000000000000000e+00,0.000000000000000000e+00,3.162277660168379256e+01,1.000000000000000000e+00,1.000000000000000000e+00,1.000000000000000082e-05,3.162277660168379523e+00,2.000000000000000000e+00,3.162277660168379394e-04,0.000000000000000000e+00,2.000000000000000000e+02,0.000000000000000000e+00,3.066666666666666430e-01
1.000000000000000000e+00,0.000000000000000000e+00,3.162277660168379256e+01,1.000000000000000000e+00,1.000000000000000000e+00,1.000000000000000048e-04,1.000000000000000000e+00,2.000000000000000000e+00,3.162277660168379394e-03,0.000000000000000000e+00,3.000000000000000000e+02,1.000000000000000000e+00,3.350000000000000200e-01
1.000000000000000000e+00,0.000000000000000000e+00,3.162277660168379523e+00,1.000000000000000000e+00,1.000000000000000000e+00,0.000000000000000000e+00,3.162277660168379523e+00,2.000000000000000000e+00,1.000000000000000021e-03,1.000000000000000000e+00,3.000000000000000000e+02,1.000000000000000000e+00,3.099999999999999978e-01
1.000000000000000000e+00,1.000000000000000000e+00,1.000000000000000000e+01,1.000000000000000000e+00,1.000000000000000000e+00,1.000000000000000048e-04,3.162277660168379523e+00,2.000000000000000000e+00,1.000000000000000021e-03,0.000000000000000000e+00,1.000000000000000000e+02,1.000000000000000000e+00,2.899999999999999800e-01
1.000000000000000000e+00,1.000000000000000000e+00,3.162277660168379256e+01,1.000000000000000000e+00,1.000000000000000000e+00,9.999999999999999547e-07,1.000000000000000000e+00,2.000000000000000000e+00,3.162277660168379394e-03,0.000000000000000000e+00,3.000000000000000000e+02,0.000000000000000000e+00,3.150000000000000022e-01
1.000000000000000000e+00,1.000000000000000000e+00,1.000000000000000000e+01,1.000000000000000000e+00,1.000000000000000000e+00,0.000000000000000000e+00,3.162277660168379523e+00,1.000000000000000000e+00,3.162277660168379394e-04,0.000000000000000000e+00,3.000000000000000000e+02,0.000000000000000000e+00,2.966666666666666896e-01
1.000000000000000000e+00,1.000000000000000000e+00,3.162277660168379256e+01,1.000000000000000000e+00,1.000000000000000000e+00,1.000000000000000082e-05,3.162277660168379523e+00,2.000000000000000000e+00,1.000000000000000048e-04,1.000000000000000000e+00,1.000000000000000000e+02,1.000000000000000000e+00,2.800000000000000266e-01
1.000000000000000000e+00,1.000000000000000000e+00,3.162277660168379256e+01,1.000000000000000000e+00,1.000000000000000000e+00,1.000000000000000082e-05,1.000000000000000000e+00,1.000000000000000000e+00,3.162277660168379394e-04,0.000000000000000000e+00,1.000000000000000000e+02,0.000000000000000000e+00,2.650000000000000133e-01
1.000000000000000000e+00,1.000000000000000000e+00,1.000000000000000000e+01,1.000000000000000000e+00,1.000000000000000000e+00,0.000000000000000000e+00,1.000000000000000000e+00,3.000000000000000000e+00,1.000000000000000021e-03,1.000000000000000000e+00,3.000000000000000000e+02,0.000000000000000000e+00,3.083333333333333481e-01
1.000000000000000000e+00,0.000000000000000000e+00,3.162277660168379523e+00,1.000000000000000000e+00,1.000000000000000000e+00,1.000000000000000048e-04,3.162277660168379523e+00,3.000000000000000000e+00,1.000000000000000048e-04,1.000000000000000000e+00,3.000000000000000000e+02,1.000000000000000000e+00,3.333333333333333703e-01
1.000000000000000000e+00,1.000000000000000000e+00,3.162277660168379256e+01,1.000000000000000000e+00,1.000000000000000000e+00,0.000000000000000000e+00,1.000000000000000000e+00,3.000000000000000000e+00,3.162277660168379394e-03,1.000000000000000000e+00,2.000000000000000000e+02,0.000000000000000000e+00,3.150000000000000022e-01
1.000000000000000000e+00,1.000000000000000000e+00,1.000000000000000000e+01,1.000000000000000000e+00,1.000000000000000000e+00,0.000000000000000000e+00,1.000000000000000000e+00,3.000000000000000000e+00,3.162277660168379394e-03,0.000000000000000000e+00,2.000000000000000000e+02,1.000000000000000000e+00,3.166666666666666519e-01
1.000000000000000000e+00,1.000000000000000000e+00,3.162277660168379523e+00,1.000000000000000000e+00,1.000000000000000000e+00,0.000000000000000000e+00,3.162277660168379523e+00,3.000000000000000000e+00,3.162277660168379394e-04,0.000000000000000000e+00,1.000000000000000000e+02,1.000000000000000000e+00,2.516666666666666496e-01
1.000000000000000000e+00,0.000000000000000000e+00,3.162277660168379256e+01,1.000000000000000000e+00,1.000000000000000000e+00,0.000000000000000000e+00,1.000000000000000000e+00,2.000000000000000000e+00,3.162277660168379394e-03,0.000000000000000000e+00,3.000000000000000000e+02,1.000000000000000000e+00,3.200000000000000067e-01
1.000000000000000000e+00,1.000000000000000000e+00,3.162277660168379256e+01,1.000000000000000000e+00,1.000000000000000000e+00,0.000000000000000000e+00,3.162277660168379523e+00,3.000000000000000000e+00,3.162277660168379394e-04,0.000000000000000000e+00,2.000000000000000000e+02,1.000000000000000000e+00,2.633333333333333082e-01
1.000000000000000000e+00,0.000000000000000000e+00,1.000000000000000000e+01,1.000000000000000000e+00,1.000000000000000000e+00,1.000000000000000082e-05,3.162277660168379523e+00,2.000000000000000000e+00,1.000000000000000021e-03,1.000000000000000000e+00,3.000000000000000000e+02,1.000000000000000000e+00,3.083333333333333481e-01
1.000000000000000000e+00,1.000000000000000000e+00,3.162277660168379256e+01,1.000000000000000000e+00,1.000000000000000000e+00,9.999999999999999547e-07,3.162277660168379523e+00,3.000000000000000000e+00,3.162277660168379394e-03,1.000000000000000000e+00,2.000000000000000000e+02,1.000000000000000000e+00,3.016666666666666385e-01
1.000000000000000000e+00,1.000000000000000000e+00,1.000000000000000000e+01,1.000000000000000000e+00,1.000000000000000000e+00,1.000000000000000048e-04,3.162277660168379523e+00,1.000000000000000000e+00,1.000000000000000021e-03,1.000000000000000000e+00,2.000000000000000000e+02,1.000000000000000000e+00,3.116666666666666474e-01
1.000000000000000000e+00,1.000000000000000000e+00,3.162277660168379256e+01,1.000000000000000000e+00,1.000000000000000000e+00,1.000000000000000082e-05,3.162277660168379523e+00,2.000000000000000000e+00,1.000000000000000021e-03,1.000000000000000000e+00,1.000000000000000000e+02,0.000000000000000000e+00,2.799999999999999711e-01
1.000000000000000000e+00,0.000000000000000000e+00,1.000000000000000000e+01,1.000000000000000000e+00,1.000000000000000000e+00,9.999999999999999547e-07,3.162277660168379523e+00,1.000000000000000000e+00,3.162277660168379394e-03,0.000000000000000000e+00,1.000000000000000000e+02,1.000000000000000000e+00,3.049999999999999933e-01
1.000000000000000000e+00,0.000000000000000000e+00,1.000000000000000000e+01,1.000000000000000000e+00,1.000000000000000000e+00,1.000000000000000082e-05,1.000000000000000000e+00,2.000000000000000000e+00,1.000000000000000048e-04,1.000000000000000000e+00,1.000000000000000000e+02,0.000000000000000000e+00,2.799999999999999156e-01
1.000000000000000000e+00,0.000000000000000000e+00,1.000000000000000000e+01,1.000000000000000000e+00,1.000000000000000000e+00,0.000000000000000000e+00,1.000000000000000000e+00,1.000000000000000000e+00,1.000000000000000048e-04,0.000000000000000000e+00,3.000000000000000000e+02,1.000000000000000000e+00,2.716666666666666119e-01
1.000000000000000000e+00,1.000000000000000000e+00,1.000000000000000000e+01,1.000000000000000000e+00,1.000000000000000000e+00,0.000000000000000000e+00,3.162277660168379523e+00,2.000000000000000000e+00,1.000000000000000048e-04,1.000000000000000000e+00,2.000000000000000000e+02,0.000000000000000000e+00,2.949999999999999845e-01
1.000000000000000000e+00,0.000000000000000000e+00,3.162277660168379256e+01,1.000000000000000000e+00,1.000000000000000000e+00,1.000000000000000082e-05,3.162277660168379523e+00,2.000000000000000000e+00,3.162277660168379394e-03,1.000000000000000000e+00,1.000000000000000000e+02,1.000000000000000000e+00,2.600000000000000089e-01
1.000000000000000000e+00,0.000000000000000000e+00,1.000000000000000000e+01,1.000000000000000000e+00,1.000000000000000000e+00,1.000000000000000082e-05,3.162277660168379523e+00,2.000000000000000000e+00,3.162277660168379394e-04,1.000000000000000000e+00,2.000000000000000000e+02,0.000000000000000000e+00,3.066666666666666430e-01
1.000000000000000000e+00,1.000000000000000000e+00,3.162277660168379523e+00,1.000000000000000000e+00,1.000000000000000000e+00,9.999999999999999547e-07,1.000000000000000000e+00,1.000000000000000000e+00,3.162277660168379394e-04,1.000000000000000000e+00,1.000000000000000000e+02,1.000000000000000000e+00,2.816666666666666208e-01
1.000000000000000000e+00,1.000000000000000000e+00,3.162277660168379256e+01,1.000000000000000000e+00,1.000000000000000000e+00,0.000000000000000000e+00,3.162277660168379523e+00,1.000000000000000000e+00,1.000000000000000021e-03,1.000000000000000000e+00,1.000000000000000000e+02,0.000000000000000000e+00,2.983333333333333393e-01
1.000000000000000000e+00,0.000000000000000000e+00,1.000000000000000000e+01,1.000000000000000000e+00,1.000000000000000000e+00,1.000000000000000048e-04,1.000000000000000000e+00,1.000000000000000000e+00,1.000000000000000021e-03,0.000000000000000000e+00,1.000000000000000000e+02,0.000000000000000000e+00,3.283333333333333104e-01
1.000000000000000000e+00,0.000000000000000000e+00,1.000000000000000000e+01,1.000000000000000000e+00,1.000000000000000000e+00,9.999999999999999547e-07,3.162277660168379523e+00,3.000000000000000000e+00,3.162277660168379394e-03,1.000000000000000000e+00,1.000000000000000000e+02,0.000000000000000000e+00,2.866666666666666807e-01
1.000000000000000000e+00,1.000000000000000000e+00,3.162277660168379256e+01,1.000000000000000000e+00,1.000000000000000000e+00,9.999999999999999547e-07,1.000000000000000000e+00,1.000000000000000000e+00,1.000000000000000021e-03,0.000000000000000000e+00,2.000000000000000000e+02,1.000000000000000000e+00,3.133333333333333526e-01
1.000000000000000000e+00,1.000000000000000000e+00,3.162277660168379523e+00,1.000000000000000000e+00,1.000000000000000000e+00,1.000000000000000082e-05,3.162277660168379523e+00,2.000000000000000000e+00,1.000000000000000021e-03,1.000000000000000000e+00,3.000000000000000000e+02,1.000000000000000000e+00,3.449999999999999734e-01
1.000000000000000000e+00,0.000000000000000000e+00,1.000000000000000000e+01,1.000000000000000000e+00,1.000000000000000000e+00,9.999999999999999547e-07,3.162277660168379523e+00,1.000000000000000000e+00,1.000000000000000021e-03,1.000000000000000000e+00,2.000000000000000000e+02,1.000000000000000000e+00,3.033333333333333437e-01
1.000000000000000000e+00,0.000000000000000000e+00,1.000000000000000000e+01,1.000000000000000000e+00,1.000000000000000000e+00,1.000000000000000048e-04,3.162277660168379523e+00,2.000000000000000000e+00,3.162277660168379394e-04,0.000000000000000000e+00,2.000000000000000000e+02,0.000000000000000000e+00,3.083333333333333481e-01
1.000000000000000000e+00,0.000000000000000000e+00,1.000000000000000000e+01,1.000000000000000000e+00,1.000000000000000000e+00,1.000000000000000048e-04,3.162277660168379523e+00,2.000000000000000000e+00,1.000000000000000021e-03,1.000000000000000000e+00,1.000000000000000000e+02,1.000000000000000000e+00,2.766666666666666718e-01
1.000000000000000000e+00,0.000000000000000000e+00,1.000000000000000000e+01,1.000000000000000000e+00,1.000000000000000000e+00,1.000000000000000048e-04,3.162277660168379523e+00,2.000000000000000000e+00,1.000000000000000048e-04,1.000000000000000000e+00,2.000000000000000000e+02,0.000000000000000000e+00,3.216666666666667118e-01
1.000000000000000000e+00,1.000000000000000000e+00,1.000000000000000000e+01,1.000000000000000000e+00,1.000000000000000000e+00,9.999999999999999547e-07,1.000000000000000000e+00,1.000000000000000000e+00,1.000000000000000048e-04,0.000000000000000000e+00,1.000000000000000000e+02,1.000000000000000000e+00,2.899999999999999800e-01
1.000000000000000000e+00,0.000000000000000000e+00,3.162277660168379256e+01,1.000000000000000000e+00,1.000000000000000000e+00,9.999999999999999547e-07,1.000000000000000000e+00,1.000000000000000000e+00,3.162277660168379394e-04,1.000000000000000000e+00,1.000000000000000000e+02,1.000000000000000000e+00,3.066666666666665875e-01
1.000000000000000000e+00,0.000000000000000000e+00,3.162277660168379256e+01,1.000000000000000000e+00,1.000000000000000000e+00,0.000000000000000000e+00,3.162277660168379523e+00,2.000000000000000000e+00,1.000000000000000021e-03,1.000000000000000000e+00,2.000000000000000000e+02,0.000000000000000000e+00,3.366666666666666696e-01
1.000000000000000000e+00,0.000000000000000000e+00,1.000000000000000000e+01,1.000000000000000000e+00,1.000000000000000000e+00,1.000000000000000082e-05,1.000000000000000000e+00,1.000000000000000000e+00,3.162277660168379394e-03,1.000000000000000000e+00,1.000000000000000000e+02,1.000000000000000000e+00,3.083333333333332926e-01
1.000000000000000000e+00,0.000000000000000000e+00,1.000000000000000000e+01,1.000000000000000000e+00,1.000000000000000000e+00,9.999999999999999547e-07,1.000000000000000000e+00,1.000000000000000000e+00,3.162277660168379394e-03,0.000000000000000000e+00,1.000000000000000000e+02,1.000000000000000000e+00,3.083333333333334036e-01
1.000000000000000000e+00,0.000000000000000000e+00,1.000000000000000000e+01,1.000000000000000000e+00,1.000000000000000000e+00,1.000000000000000048e-04,3.162277660168379523e+00,1.000000000000000000e+00,1.000000000000000048e-04,0.000000000000000000e+00,1.000000000000000000e+02,1.000000000000000000e+00,2.916666666666666852e-01
1.000000000000000000e+00,1.000000000000000000e+00,3.162277660168379523e+00,1.000000000000000000e+00,1.000000000000000000e+00,1.000000000000000048e-04,3.162277660168379523e+00,3.000000000000000000e+00,1.000000000000000021e-03,0.000000000000000000e+00,1.000000000000000000e+02,0.000000000000000000e+00,2.783333333333332660e-01
1.000000000000000000e+00,1.000000000000000000e+00,1.000000000000000000e+01,1.000000000000000000e+00,1.000000000000000000e+00,9.999999999999999547e-07,1.000000000000000000e+00,2.000000000000000000e+00,1.000000000000000048e-04,0.000000000000000000e+00,3.000000000000000000e+02,1.000000000000000000e+00,2.933333333333333348e-01
1.000000000000000000e+00,0.000000000000000000e+00,3.162277660168379523e+00,1.000000000000000000e+00,1.000000000000000000e+00,1.000000000000000048e-04,1.000000000000000000e+00,3.000000000000000000e+00,3.162277660168379394e-04,1.000000000000000000e+00,2.000000000000000000e+02,1.000000000000000000e+00,3.250000000000000666e-01
1.000000000000000000e+00,0.000000000000000000e+00,3.162277660168379256e+01,1.000000000000000000e+00,1.000000000000000000e+00,0.000000000000000000e+00,1.000000000000000000e+00,3.000000000000000000e+00,3.162277660168379394e-03,0.000000000000000000e+00,2.000000000000000000e+02,1.000000000000000000e+00,2.999999999999999889e-01
1.000000000000000000e+00,0.000000000000000000e+00,3.162277660168379523e+00,1.000000000000000000e+00,1.000000000000000000e+00,9.999999999999999547e-07,3.162277660168379523e+00,2.000000000000000000e+00,1.000000000000000048e-04,0.000000000000000000e+00,3.000000000000000000e+02,0.000000000000000000e+00,3.100000000000000533e-01
1.000000000000000000e+00,0.000000000000000000e+00,3.162277660168379523e+00,1.000000000000000000e+00,1.000000000000000000e+00,9.999999999999999547e-07,1.000000000000000000e+00,2.000000000000000000e+00,1.000000000000000048e-04,1.000000000000000000e+00,3.000000000000000000e+02,1.000000000000000000e+00,3.149999999999999467e-01
1.000000000000000000e+00,1.000000000000000000e+00,3.162277660168379256e+01,1.000000000000000000e+00,1.000000000000000000e+00,1.000000000000000082e-05,3.162277660168379523e+00,2.000000000000000000e+00,3.162277660168379394e-04,0.000000000000000000e+00,3.000000000000000000e+02,0.000000000000000000e+00,2.666666666666666630e-01
1.000000000000000000e+00,1.000000000000000000e+00,3.162277660168379523e+00,1.000000000000000000e+00,1.000000000000000000e+00,1.000000000000000082e-05,1.000000000000000000e+00,1.000000000000000000e+00,1.000000000000000021e-03,1.000000000000000000e+00,1.000000000000000000e+02,0.000000000000000000e+00,2.533333333333332993e-01
1.000000000000000000e+00,0.000000000000000000e+00,3.162277660168379256e+01,1.000000000000000000e+00,1.000000000000000000e+00,9.999999999999999547e-07,3.162277660168379523e+00,2.000000000000000000e+00,3.162277660168379394e-03,1.000000000000000000e+00,3.000000000000000000e+02,1.000000000000000000e+00,3.349999999999999645e-01
1.000000000000000000e+00,0.000000000000000000e+00,3.162277660168379523e+00,1.000000000000000000e+00,1.000000000000000000e+00,0.000000000000000000e+00,1.000000000000000000e+00,3.000000000000000000e+00,1.000000000000000048e-04,1.000000000000000000e+00,2.000000000000000000e+02,0.000000000000000000e+00,2.983333333333332837e-01
1.000000000000000000e+00,1.000000000000000000e+00,3.162277660168379523e+00,1.000000000000000000e+00,1.000000000000000000e+00,1.000000000000000082e-05,3.162277660168379523e+00,2.000000000000000000e+00,3.162277660168379394e-04,0.000000000000000000e+00,1.000000000000000000e+02,0.000000000000000000e+00,2.716666666666666119e-01
1.000000000000000000e+00,1.000000000000000000e+00,1.000000000000000000e+01,1.000000000000000000e+00,1.000000000000000000e+00,1.000000000000000082e-05,3.162277660168379523e+00,1.000000000000000000e+00,1.000000000000000048e-04,1.000000000000000000e+00,1.000000000000000000e+02,0.000000000000000000e+00,2.716666666666666119e-01
1.000000000000000000e+00,1.000000000000000000e+00,1.000000000000000000e+01,1.000000000000000000e+00,1.000000000000000000e+00,9.999999999999999547e-07,1.000000000000000000e+00,3.000000000000000000e+00,3.162277660168379394e-03,0.000000000000000000e+00,2.000000000000000000e+02,0.000000000000000000e+00,3.183333333333333015e-01
1.000000000000000000e+00,1.000000000000000000e+00,3.162277660168379256e+01,1.000000000000000000e+00,1.000000000000000000e+00,0.000000000000000000e+00,1.000000000000000000e+00,2.000000000000000000e+00,3.162277660168379394e-03,0.000000000000000000e+00,1.000000000000000000e+02,1.000000000000000000e+00,2.733333333333333171e-01
1.000000000000000000e+00,0.000000000000000000e+00,1.000000000000000000e+01,1.000000000000000000e+00,1.000000000000000000e+00,1.000000000000000082e-05,1.000000000000000000e+00,3.000000000000000000e+00,3.162277660168379394e-04,0.000000000000000000e+00,2.000000000000000000e+02,1.000000000000000000e+00,3.150000000000000577e-01
1.000000000000000000e+00,0.000000000000000000e+00,3.162277660168379523e+00,1.000000000000000000e+00,1.000000000000000000e+00,1.000000000000000082e-05,3.162277660168379523e+00,3.000000000000000000e+00,3.162277660168379394e-03,0.000000000000000000e+00,3.000000000000000000e+02,1.000000000000000000e+00,3.216666666666666563e-01
1.000000000000000000e+00,0.000000000000000000e+00,1.000000000000000000e+01,1.000000000000000000e+00,1.000000000000000000e+00,1.000000000000000082e-05,3.162277660168379523e+00,2.000000000000000000e+00,1.000000000000000021e-03,1.000000000000000000e+00,1.000000000000000000e+02,1.000000000000000000e+00,2.833333333333333259e-01
1.000000000000000000e+00,0.000000000000000000e+00,3.162277660168379256e+01,1.000000000000000000e+00,1.000000000000000000e+00,1.000000000000000048e-04,1.000000000000000000e+00,2.000000000000000000e+00,3.162277660168379394e-04,1.000000000000000000e+00,1.000000000000000000e+02,0.000000000000000000e+00,2.666666666666667185e-01
1.000000000000000000e+00,1.000000000000000000e+00,1.000000000000000000e+01,1.000000000000000000e+00,1.000000000000000000e+00,1.000000000000000048e-04,1.000000000000000000e+00,3.000000000000000000e+00,3.162277660168379394e-04,0.000000000000000000e+00,3.000000000000000000e+02,1.000000000000000000e+00,3.016666666666666941e-01
1.000000000000000000e+00,1.000000000000000000e+00,1.000000000000000000e+01,1.000000000000000000e+00,1.000000000000000000e+00,9.999999999999999547e-07,3.162277660168379523e+00,1.000000000000000000e+00,3.162277660168379394e-03,1.000000000000000000e+00,2.000000000000000000e+02,1.000000000000000000e+00,3.283333333333333104e-01
1.000000000000000000e+00,1.000000000000000000e+00,3.162277660168379256e+01,1.000000000000000000e+00,1.000000000000000000e+00,9.999999999999999547e-07,1.000000000000000000e+00,2.000000000000000000e+00,3.162277660168379394e-03,1.000000000000000000e+00,3.000000000000000000e+02,0.000000000000000000e+00,3.150000000000000022e-01
1.000000000000000000e+00,1.000000000000000000e+00,3.162277660168379523e+00,1.000000000000000000e+00,1.000000000000000000e+00,1.000000000000000082e-05,3.162277660168379523e+00,1.000000000000000000e+00,1.000000000000000021e-03,0.000000000000000000e+00,3.000000000000000000e+02,0.000000000000000000e+00,3.199999999999999512e-01
1.000000000000000000e+00,0.000000000000000000e+00,3.162277660168379523e+00,1.000000000000000000e+00,1.000000000000000000e+00,1.000000000000000082e-05,1.000000000000000000e+00,2.000000000000000000e+00,3.162277660168379394e-03,1.000000000000000000e+00,1.000000000000000000e+02,1.000000000000000000e+00,3.066666666666666430e-01
1.000000000000000000e+00,1.000000000000000000e+00,3.162277660168379256e+01,1.000000000000000000e+00,1.000000000000000000e+00,1.000000000000000082e-05,3.162277660168379523e+00,1.000000000000000000e+00,1.000000000000000021e-03,0.000000000000000000e+00,3.000000000000000000e+02,0.000000000000000000e+00,3.199999999999999512e-01
1.000000000000000000e+00,0.000000000000000000e+00,3.162277660168379523e+00,1.000000000000000000e+00,1.000000000000000000e+00,1.000000000000000048e-04,1.000000000000000000e+00,1.000000000000000000e+00,3.162277660168379394e-03,1.000000000000000000e+00,2.000000000000000000e+02,1.000000000000000000e+00,3.449999999999999734e-01
1.000000000000000000e+00,0.000000000000000000e+00,3.162277660168379523e+00,1.000000000000000000e+00,1.000000000000000000e+00,1.000000000000000082e-05,1.000000000000000000e+00,1.000000000000000000e+00,1.000000000000000021e-03,0.000000000000000000e+00,3.000000000000000000e+02,1.000000000000000000e+00,3.049999999999999933e-01
1.000000000000000000e+00,0.000000000000000000e+00,3.162277660168379523e+00,1.000000000000000000e+00,1.000000000000000000e+00,0.000000000000000000e+00,3.162277660168379523e+00,1.000000000000000000e+00,1.000000000000000048e-04,1.000000000000000000e+00,1.000000000000000000e+02,1.000000000000000000e+00,2.983333333333333393e-01
1.000000000000000000e+00,1.000000000000000000e+00,3.162277660168379256e+01,1.000000000000000000e+00,1.000000000000000000e+00,1.000000000000000082e-05,1.000000000000000000e+00,2.000000000000000000e+00,3.162277660168379394e-04,1.000000000000000000e+00,1.000000000000000000e+02,1.000000000000000000e+00,2.883333333333332749e-01
1.000000000000000000e+00,0.000000000000000000e+00,1.000000000000000000e+01,1.000000000000000000e+00,1.000000000000000000e+00,0.000000000000000000e+00,1.000000000000000000e+00,2.000000000000000000e+00,1.000000000000000048e-04,0.000000000000000000e+00,1.000000000000000000e+02,0.000000000000000000e+00,2.650000000000000133e-01
1.000000000000000000e+00,1.000000000000000000e+00,3.162277660168379523e+00,1.000000000000000000e+00,1.000000000000000000e+00,9.999999999999999547e-07,3.162277660168379523e+00,3.000000000000000000e+00,3.162277660168379394e-04,0.000000000000000000e+00,3.000000000000000000e+02,1.000000000000000000e+00,2.850000000000000311e-01
1.000000000000000000e+00,0.000000000000000000e+00,3.162277660168379523e+00,1.000000000000000000e+00,1.000000000000000000e+00,9.999999999999999547e-07,1.000000000000000000e+00,2.000000000000000000e+00,1.000000000000000021e-03,0.000000000000000000e+00,2.000000000000000000e+02,0.000000000000000000e+00,2.816666666666666208e-01
1.000000000000000000e+00,0.000000000000000000e+00,3.162277660168379256e+01,1.000000000000000000e+00,1.000000000000000000e+00,1.000000000000000082e-05,1.000000000000000000e+00,3.000000000000000000e+00,1.000000000000000021e-03,0.000000000000000000e+00,1.000000000000000000e+02,0.000000000000000000e+00,3.116666666666666474e-01
1.000000000000000000e+00,1.000000000000000000e+00,3.162277660168379523e+00,1.000000000000000000e+00,1.000000000000000000e+00,1.000000000000000048e-04,1.000000000000000000e+00,1.000000000000000000e+00,1.000000000000000021e-03,1.000000000000000000e+00,1.000000000000000000e+02,1.000000000000000000e+00,2.999999999999999889e-01
1.000000000000000000e+00,0.000000000000000000e+00,1.000000000000000000e+01,1.000000000000000000e+00,1.000000000000000000e+00,9.999999999999999547e-07,1.000000000000000000e+00,2.000000000000000000e+00,1.000000000000000048e-04,0.000000000000000000e+00,2.000000000000000000e+02,1.000000000000000000e+00,2.983333333333332837e-01
1.000000000000000000e+00,1.000000000000000000e+00,3.162277660168379256e+01,1.000000000000000000e+00,1.000000000000000000e+00,9.999999999999999547e-07,3.162277660168379523e+00,3.000000000000000000e+00,3.162277660168379394e-04,0.000000000000000000e+00,3.000000000000000000e+02,0.000000000000000000e+00,2.766666666666666163e-01
1.000000000000000000e+00,0.000000000000000000e+00,1.000000000000000000e+01,1.000000000000000000e+00,1.000000000000000000e+00,9.999999999999999547e-07,3.162277660168379523e+00,3.000000000000000000e+00,1.000000000000000021e-03,0.000000000000000000e+00,3.000000000000000000e+02,1.000000000000000000e+00,2.850000000000000311e-01
1.000000000000000000e+00,0.000000000000000000e+00,3.162277660168379523e+00,1.000000000000000000e+00,1.000000000000000000e+00,0.000000000000000000e+00,3.162277660168379523e+00,2.000000000000000000e+00,3.162277660168379394e-03,0.000000000000000000e+00,1.000000000000000000e+02,1.000000000000000000e+00,2.633333333333333082e-01
1.000000000000000000e+00,0.000000000000000000e+00,3.162277660168379256e+01,1.000000000000000000e+00,1.000000000000000000e+00,1.000000000000000048e-04,3.162277660168379523e+00,1.000000000000000000e+00,3.162277660168379394e-03,0.000000000000000000e+00,3.000000000000000000e+02,1.000000000000000000e+00,3.499999999999999778e-01
1.000000000000000000e+00,0.000000000000000000e+00,3.162277660168379256e+01,1.000000000000000000e+00,1.000000000000000000e+00,0.000000000000000000e+00,1.000000000000000000e+00,1.000000000000000000e+00,1.000000000000000021e-03,0.000000000000000000e+00,1.000000000000000000e+02,1.000000000000000000e+00,2.849999999999999756e-01
1.000000000000000000e+00,1.000000000000000000e+00,3.162277660168379256e+01,1.000000000000000000e+00,1.000000000000000000e+00,1.000000000000000082e-05,3.162277660168379523e+00,2.000000000000000000e+00,3.162277660168379394e-04,0.000000000000000000e+00,3.000000000000000000e+02,0.000000000000000000e+00,2.666666666666666630e-01
1.000000000000000000e+00,1.000000000000000000e+00,3.162277660168379523e+00,1.000000000000000000e+00,1.000000000000000000e+00,1.000000000000000048e-04,1.000000000000000000e+00,1.000000000000000000e+00,1.000000000000000048e-04,1.000000000000000000e+00,1.000000000000000000e+02,0.000000000000000000e+00,2.883333333333333859e-01
1.000000000000000000e+00,0.000000000000000000e+00,3.162277660168379256e+01,1.000000000000000000e+00,1.000000000000000000e+00,1.000000000000000048e-04,3.162277660168379523e+00,1.000000000000000000e+00,1.000000000000000021e-03,1.000000000000000000e+00,2.000000000000000000e+02,0.000000000000000000e+00,2.999999999999999889e-01
1.000000000000000000e+00,0.000000000000000000e+00,1.000000000000000000e+01,1.000000000000000000e+00,1.000000000000000000e+00,1.000000000000000082e-05,3.162277660168379523e+00,2.000000000000000000e+00,1.000000000000000021e-03,0.000000000000000000e+00,3.000000000000000000e+02,0.000000000000000000e+00,3.366666666666666141e-01
1.000000000000000000e+00,1.000000000000000000e+00,1.000000000000000000e+01,1.000000000000000000e+00,1.000000000000000000e+00,1.000000000000000082e-05,1.000000000000000000e+00,1.000000000000000000e+00,1.000000000000000048e-04,0.000000000000000000e+00,1.000000000000000000e+02,0.000000000000000000e+00,2.883333333333333304e-01
1.000000000000000000e+00,1.000000000000000000e+00,3.162277660168379256e+01,1.000000000000000000e+00,1.000000000000000000e+00,1.000000000000000082e-05,3.162277660168379523e+00,3.000000000000000000e+00,1.000000000000000021e-03,0.000000000000000000e+00,2.000000000000000000e+02,1.000000000000000000e+00,3.016666666666666385e-01
1.000000000000000000e+00,0.000000000000000000e+00,3.162277660168379523e+00,1.000000000000000000e+00,1.000000000000000000e+00,1.000000000000000082e-05,3.162277660168379523e+00,1.000000000000000000e+00,1.000000000000000048e-04,0.000000000000000000e+00,1.000000000000000000e+02,0.000000000000000000e+00,2.783333333333332660e-01
1.000000000000000000e+00,1.000000000000000000e+00,1.000000000000000000e+01,1.000000000000000000e+00,1.000000000000000000e+00,0.000000000000000000e+00,1.000000000000000000e+00,2.000000000000000000e+00,1.000000000000000048e-04,1.000000000000000000e+00,3.000000000000000000e+02,1.000000000000000000e+00,2.950000000000000400e-01
1.000000000000000000e+00,1.000000000000000000e+00,3.162277660168379523e+00,1.000000000000000000e+00,1.000000000000000000e+00,9.999999999999999547e-07,1.000000000000000000e+00,3.000000000000000000e+00,3.162277660168379394e-04,0.000000000000000000e+00,1.000000000000000000e+02,1.000000000000000000e+00,2.633333333333333082e-01
1.000000000000000000e+00,0.000000000000000000e+00,1.000000000000000000e+01,1.000000000000000000e+00,1.000000000000000000e+00,0.000000000000000000e+00,1.000000000000000000e+00,3.000000000000000000e+00,1.000000000000000048e-04,0.000000000000000000e+00,3.000000000000000000e+02,1.000000000000000000e+00,3.099999999999999423e-01
1.000000000000000000e+00,0.000000000000000000e+00,3.162277660168379523e+00,1.000000000000000000e+00,1.000000000000000000e+00,9.999999999999999547e-07,1.000000000000000000e+00,2.000000000000000000e+00,1.000000000000000048e-04,0.000000000000000000e+00,3.000000000000000000e+02,1.000000000000000000e+00,3.149999999999999467e-01
1.000000000000000000e+00,1.000000000000000000e+00,3.162277660168379256e+01,1.000000000000000000e+00,1.000000000000000000e+00,1.000000000000000082e-05,3.162277660168379523e+00,1.000000000000000000e+00,1.000000000000000021e-03,1.000000000000000000e+00,1.000000000000000000e+02,0.000000000000000000e+00,3.150000000000000022e-01
1.000000000000000000e+00,1.000000000000000000e+00,3.162277660168379256e+01,1.000000000000000000e+00,1.000000000000000000e+00,1.000000000000000048e-04,1.000000000000000000e+00,2.000000000000000000e+00,3.162277660168379394e-03,0.000000000000000000e+00,2.000000000000000000e+02,0.000000000000000000e+00,3.016666666666666385e-01
1.000000000000000000e+00,0.000000000000000000e+00,3.162277660168379256e+01,1.000000000000000000e+00,1.000000000000000000e+00,0.000000000000000000e+00,3.162277660168379523e+00,2.000000000000000000e+00,3.162277660168379394e-04,0.000000000000000000e+00,2.000000000000000000e+02,0.000000000000000000e+00,3.299999999999999600e-01
1.000000000000000000e+00,1.000000000000000000e+00,3.162277660168379523e+00,1.000000000000000000e+00,1.000000000000000000e+00,1.000000000000000048e-04,3.162277660168379523e+00,1.000000000000000000e+00,1.000000000000000021e-03,1.000000000000000000e+00,1.000000000000000000e+02,0.000000000000000000e+00,2.899999999999999800e-01
1.000000000000000000e+00,1.000000000000000000e+00,3.162277660168379523e+00,1.000000000000000000e+00,1.000000000000000000e+00,1.000000000000000048e-04,1.000000000000000000e+00,3.000000000000000000e+00,3.162277660168379394e-04,1.000000000000000000e+00,2.000000000000000000e+02,0.000000000000000000e+00,2.950000000000000400e-01
1.000000000000000000e+00,0.000000000000000000e+00,1.000000000000000000e+01,1.000000000000000000e+00,1.000000000000000000e+00,1.000000000000000048e-04,1.000000000000000000e+00,1.000000000000000000e+00,1.000000000000000021e-03,1.000000000000000000e+00,2.000000000000000000e+02,0.000000000000000000e+00,2.850000000000000311e-01
1.000000000000000000e+00,0.000000000000000000e+00,1.000000000000000000e+01,1.000000000000000000e+00,1.000000000000000000e+00,9.999999999999999547e-07,3.162277660168379523e+00,1.000000000000000000e+00,1.000000000000000021e-03,0.000000000000000000e+00,3.000000000000000000e+02,0.000000000000000000e+00,3.016666666666666385e-01
1.000000000000000000e+00,0.000000000000000000e+00,3.162277660168379523e+00,1.000000000000000000e+00,1.000000000000000000e+00,1.000000000000000048e-04,3.162277660168379523e+00,1.000000000000000000e+00,1.000000000000000021e-03,1.000000000000000000e+00,3.000000000000000000e+02,0.000000000000000000e+00,3.133333333333333526e-01
1.000000000000000000e+00,0.000000000000000000e+00,3.162277660168379523e+00,1.000000000000000000e+00,1.000000000000000000e+00,0.000000000000000000e+00,1.000000000000000000e+00,3.000000000000000000e+00,1.000000000000000021e-03,0.000000000000000000e+00,3.000000000000000000e+02,0.000000000000000000e+00,3.066666666666666430e-01
1.000000000000000000e+00,0.000000000000000000e+00,3.162277660168379523e+00,1.000000000000000000e+00,1.000000000000000000e+00,0.000000000000000000e+00,3.162277660168379523e+00,2.000000000000000000e+00,1.000000000000000048e-04,1.000000000000000000e+00,1.000000000000000000e+02,1.000000000000000000e+00,2.700000000000000178e-01
1.000000000000000000e+00,0.000000000000000000e+00,1.000000000000000000e+01,1.000000000000000000e+00,1.000000000000000000e+00,1.000000000000000082e-05,1.000000000000000000e+00,3.000000000000000000e+00,3.162277660168379394e-04,1.000000000000000000e+00,1.000000000000000000e+02,0.000000000000000000e+00,2.916666666666666297e-01
1.000000000000000000e+00,1.000000000000000000e+00,3.162277660168379256e+01,1.000000000000000000e+00,1.000000000000000000e+00,1.000000000000000048e-04,3.162277660168379523e+00,3.000000000000000000e+00,3.162277660168379394e-03,0.000000000000000000e+00,3.000000000000000000e+02,1.000000000000000000e+00,3.033333333333332882e-01
1.000000000000000000e+00,1.000000000000000000e+00,3.162277660168379256e+01,1.000000000000000000e+00,1.000000000000000000e+00,1.000000000000000048e-04,1.000000000000000000e+00,3.000000000000000000e+00,3.162277660168379394e-04,1.000000000000000000e+00,2.000000000000000000e+02,1.000000000000000000e+00,2.800000000000000266e-01
1.000000000000000000e+00,1.000000000000000000e+00,3.162277660168379523e+00,1.000000000000000000e+00,1.000000000000000000e+00,1.000000000000000082e-05,3.162277660168379523e+00,1.000000000000000000e+00,1.000000000000000048e-04,0.000000000000000000e+00,1.000000000000000000e+02,1.000000000000000000e+00,2.716666666666666119e-01
1.000000000000000000e+00,0.000000000000000000e+00,3.162277660168379256e+01,1.000000000000000000e+00,1.000000000000000000e+00,9.999999999999999547e-07,3.162277660168379523e+00,2.000000000000000000e+00,3.162277660168379394e-03,1.000000000000000000e+00,3.000000000000000000e+02,1.000000000000000000e+00,3.349999999999999645e-01
1.000000000000000000e+00,0.000000000000000000e+00,3.162277660168379523e+00,1.000000000000000000e+00,1.000000000000000000e+00,1.000000000000000048e-04,3.162277660168379523e+00,1.000000000000000000e+00,3.162277660168379394e-04,1.000000000000000000e+00,3.000000000000000000e+02,0.000000000000000000e+00,3.099999999999999978e-01
1.000000000000000000e+00,1.000000000000000000e+00,3.162277660168379256e+01,1.000000000000000000e+00,1.000000000000000000e+00,1.000000000000000048e-04,3.162277660168379523e+00,1.000000000000000000e+00,3.162277660168379394e-04,1.000000000000000000e+00,2.000000000000000000e+02,0.000000000000000000e+00,3.033333333333333437e-01
1.000000000000000000e+00,0.000000000000000000e+00,1.000000000000000000e+01,1.000000000000000000e+00,1.000000000000000000e+00,9.999999999999999547e-07,1.000000000000000000e+00,3.000000000000000000e+00,1.000000000000000048e-04,1.000000000000000000e+00,2.000000000000000000e+02,1.000000000000000000e+00,3.300000000000000155e-01
1.000000000000000000e+00,1.000000000000000000e+00,1.000000000000000000e+01,1.000000000000000000e+00,1.000000000000000000e+00,1.000000000000000082e-05,3.162277660168379523e+00,3.000000000000000000e+00,1.000000000000000021e-03,1.000000000000000000e+00,1.000000000000000000e+02,1.000000000000000000e+00,2.799999999999999711e-01
1.000000000000000000e+00,1.000000000000000000e+00,3.162277660168379523e+00,1.000000000000000000e+00,1.000000000000000000e+00,1.000000000000000048e-04,3.162277660168379523e+00,2.000000000000000000e+00,1.000000000000000021e-03,0.000000000000000000e+00,1.000000000000000000e+02,1.000000000000000000e+00,2.899999999999999800e-01
1.000000000000000000e+00,1.000000000000000000e+00,3.162277660168379523e+00,1.000000000000000000e+00,1.000000000000000000e+00,1.000000000000000082e-05,1.000000000000000000e+00,1.000000000000000000e+00,3.162277660168379394e-03,1.000000000000000000e+00,1.000000000000000000e+02,1.000000000000000000e+00,2.499999999999999445e-01
1.000000000000000000e+00,0.000000000000000000e+00,3.162277660168379523e+00,1.000000000000000000e+00,1.000000000000000000e+00,1.000000000000000082e-05,1.000000000000000000e+00,1.000000000000000000e+00,1.000000000000000021e-03,1.000000000000000000e+00,2.000000000000000000e+02,0.000000000000000000e+00,3.166666666666666519e-01
1.000000000000000000e+00,1.000000000000000000e+00,3.162277660168379256e+01,1.000000000000000000e+00,1.000000000000000000e+00,1.000000000000000082e-05,3.162277660168379523e+00,1.000000000000000000e+00,1.000000000000000048e-04,0.000000000000000000e+00,3.000000000000000000e+02,1.000000000000000000e+00,3.233333333333333059e-01
1.000000000000000000e+00,1.000000000000000000e+00,3.162277660168379523e+00,1.000000000000000000e+00,1.000000000000000000e+00,0.000000000000000000e+00,3.162277660168379523e+00,2.000000000000000000e+00,3.162277660168379394e-04,1.000000000000000000e+00,1.000000000000000000e+02,0.000000000000000000e+00,2.833333333333333259e-01
1.000000000000000000e+00,1.000000000000000000e+00,3.162277660168379523e+00,1.000000000000000000e+00,1.000000000000000000e+00,9.999999999999999547e-07,3.162277660168379523e+00,1.000000000000000000e+00,1.000000000000000048e-04,1.000000000000000000e+00,3.000000000000000000e+02,0.000000000000000000e+00,3.299999999999999600e-01
1.000000000000000000e+00,0.000000000000000000e+00,3.162277660168379256e+01,1.000000000000000000e+00,1.000000000000000000e+00,1.000000000000000048e-04,1.000000000000000000e+00,3.000000000000000000e+00,3.162277660168379394e-04,1.000000000000000000e+00,1.000000000000000000e+02,0.000000000000000000e+00,3.033333333333333437e-01
1.000000000000000000e+00,1.000000000000000000e+00,1.000000000000000000e+01,1.000000000000000000e+00,1.000000000000000000e+00,1.000000000000000082e-05,1.000000000000000000e+00,3.000000000000000000e+00,1.000000000000000048e-04,1.000000000000000000e+00,3.000000000000000000e+02,1.000000000000000000e+00,3.049999999999999933e-01
1.000000000000000000e+00,1.000000000000000000e+00,3.162277660168379256e+01,1.000000000000000000e+00,1.000000000000000000e+00,0.000000000000000000e+00,1.000000000000000000e+00,1.000000000000000000e+00,3.162277660168379394e-03,0.000000000000000000e+00,1.000000000000000000e+02,1.000000000000000000e+00,2.666666666666666630e-01
1.000000000000000000e+00,0.000000000000000000e+00,1.000000000000000000e+01,1.000000000000000000e+00,1.000000000000000000e+00,9.999999999999999547e-07,1.000000000000000000e+00,1.000000000000000000e+00,3.162277660168379394e-03,1.000000000000000000e+00,3.000000000000000000e+02,0.000000000000000000e+00,3.633333333333333415e-01
1.000000000000000000e+00,1.000000000000000000e+00,3.162277660168379256e+01,1.000000000000000000e+00,1.000000000000000000e+00,1.000000000000000048e-04,1.000000000000000000e+00,3.000000000000000000e+00,3.162277660168379394e-04,0.000000000000000000e+00,1.000000000000000000e+02,1.000000000000000000e+00,2.883333333333333304e-01
1.000000000000000000e+00,0.000000000000000000e+00,3.162277660168379256e+01,1.000000000000000000e+00,1.000000000000000000e+00,1.000000000000000048e-04,1.000000000000000000e+00,1.000000000000000000e+00,3.162277660168379394e-03,1.000000000000000000e+00,1.000000000000000000e+02,0.000000000000000000e+00,2.933333333333332793e-01
1.000000000000000000e+00,0.000000000000000000e+00,1.000000000000000000e+01,1.000000000000000000e+00,1.000000000000000000e+00,1.000000000000000082e-05,3.162277660168379523e+00,2.000000000000000000e+00,1.000000000000000048e-04,1.000000000000000000e+00,2.000000000000000000e+02,0.000000000000000000e+00,2.866666666666665697e-01
1.000000000000000000e+00,1.000000000000000000e+00,3.162277660168379523e+00,1.000000000000000000e+00,1.000000000000000000e+00,0.000000000000000000e+00,1.000000000000000000e+00,1.000000000000000000e+00,1.000000000000000021e-03,1.000000000000000000e+00,2.000000000000000000e+02,0.000000000000000000e+00,2.833333333333333259e-01
1.000000000000000000e+00,1.000000000000000000e+00,1.000000000000000000e+01,1.000000000000000000e+00,1.000000000000000000e+00,1.000000000000000048e-04,3.162277660168379523e+00,1.000000000000000000e+00,3.162277660168379394e-04,0.000000000000000000e+00,1.000000000000000000e+02,1.000000000000000000e+00,3.016666666666666385e-01
1.000000000000000000e+00,0.000000000000000000e+00,1.000000000000000000e+01,1.000000000000000000e+00,1.000000000000000000e+00,0.000000000000000000e+00,1.000000000000000000e+00,1.000000000000000000e+00,3.162277660168379394e-03,1.000000000000000000e+00,3.000000000000000000e+02,1.000000000000000000e+00,3.316666666666666652e-01
1.000000000000000000e+00,1.000000000000000000e+00,3.162277660168379256e+01,1.000000000000000000e+00,1.000000000000000000e+00,1.000000000000000082e-05,1.000000000000000000e+00,3.000000000000000000e+00,3.162277660168379394e-03,1.000000000000000000e+00,1.000000000000000000e+02,1.000000000000000000e+00,2.999999999999999889e-01
1.000000000000000000e+00,1.000000000000000000e+00,1.000000000000000000e+01,1.000000000000000000e+00,1.000000000000000000e+00,1.000000000000000082e-05,1.000000000000000000e+00,1.000000000000000000e+00,3.162277660168379394e-03,1.000000000000000000e+00,2.000000000000000000e+02,1.000000000000000000e+00,3.366666666666666696e-01
1.000000000000000000e+00,1.000000000000000000e+00,3.162277660168379256e+01,1.000000000000000000e+00,1.000000000000000000e+00,1.000000000000000048e-04,1.000000000000000000e+00,3.000000000000000000e+00,1.000000000000000021e-03,0.000000000000000000e+00,1.000000000000000000e+02,1.000000000000000000e+00,3.050000000000000488e-01
1.000000000000000000e+00,0.000000000000000000e+00,1.000000000000000000e+01,1.000000000000000000e+00,1.000000000000000000e+00,1.000000000000000048e-04,3.162277660168379523e+00,2.000000000000000000e+00,3.162277660168379394e-04,0.000000000000000000e+00,3.000000000000000000e+02,1.000000000000000000e+00,3.266666666666666607e-01
1.000000000000000000e+00,1.000000000000000000e+00,1.000000000000000000e+01,1.000000000000000000e+00,1.000000000000000000e+00,1.000000000000000082e-05,1.000000000000000000e+00,1.000000000000000000e+00,3.162277660168379394e-04,0.000000000000000000e+00,3.000000000000000000e+02,0.000000000000000000e+00,3.016666666666666385e-01
1.000000000000000000e+00,0.000000000000000000e+00,3.162277660168379256e+01,1.000000000000000000e+00,1.000000000000000000e+00,0.000000000000000000e+00,1.000000000000000000e+00,2.000000000000000000e+00,3.162277660168379394e-04,1.000000000000000000e+00,3.000000000000000000e+02,0.000000000000000000e+00,2.733333333333333171e-01
1.000000000000000000e+00,1.000000000000000000e+00,3.162277660168379256e+01,1.000000000000000000e+00,1.000000000000000000e+00,9.999999999999999547e-07,1.000000000000000000e+00,3.000000000000000000e+00,3.162277660168379394e-04,1.000000000000000000e+00,3.000000000000000000e+02,1.000000000000000000e+00,3.099999999999999423e-01
1.000000000000000000e+00,0.000000000000000000e+00,1.000000000000000000e+01,1.000000000000000000e+00,1.000000000000000000e+00,0.000000000000000000e+00,3.162277660168379523e+00,1.000000000000000000e+00,3.162277660168379394e-03,0.000000000000000000e+00,1.000000000000000000e+02,0.000000000000000000e+00,3.099999999999999423e-01
1.000000000000000000e+00,1.000000000000000000e+00,3.162277660168379256e+01,1.000000000000000000e+00,1.000000000000000000e+00,1.000000000000000082e-05,3.162277660168379523e+00,1.000000000000000000e+00,3.162277660168379394e-04,0.000000000000000000e+00,2.000000000000000000e+02,0.000000000000000000e+00,3.216666666666666008e-01
1.000000000000000000e+00,0.000000000000000000e+00,3.162277660168379523e+00,1.000000000000000000e+00,1.000000000000000000e+00,1.000000000000000082e-05,3.162277660168379523e+00,3.000000000000000000e+00,1.000000000000000048e-04,1.000000000000000000e+00,2.000000000000000000e+02,1.000000000000000000e+00,3.116666666666666474e-01
1.000000000000000000e+00,0.000000000000000000e+00,1.000000000000000000e+01,1.000000000000000000e+00,1.000000000000000000e+00,9.999999999999999547e-07,1.000000000000000000e+00,3.000000000000000000e+00,1.000000000000000021e-03,0.000000000000000000e+00,3.000000000000000000e+02,1.000000000000000000e+00,3.116666666666666474e-01
1.000000000000000000e+00,1.000000000000000000e+00,1.000000000000000000e+01,1.000000000000000000e+00,1.000000000000000000e+00,0.000000000000000000e+00,3.162277660168379523e+00,3.000000000000000000e+00,3.162277660168379394e-03,1.000000000000000000e+00,3.000000000000000000e+02,0.000000000000000000e+00,2.816666666666666208e-01
1.000000000000000000e+00,1.000000000000000000e+00,1.000000000000000000e+01,1.000000000000000000e+00,1.000000000000000000e+00,0.000000000000000000e+00,1.000000000000000000e+00,2.000000000000000000e+00,1.000000000000000048e-04,1.000000000000000000e+00,3.000000000000000000e+02,1.000000000000000000e+00,2.950000000000000400e-01
1.000000000000000000e+00,1.000000000000000000e+00,3.162277660168379256e+01,1.000000000000000000e+00,1.000000000000000000e+00,9.999999999999999547e-07,1.000000000000000000e+00,3.000000000000000000e+00,1.000000000000000021e-03,1.000000000000000000e+00,3.000000000000000000e+02,0.000000000000000000e+00,3.099999999999999423e-01
1.000000000000000000e+00,0.000000000000000000e+00,3.162277660168379523e+00,1.000000000000000000e+00,1.000000000000000000e+00,1.000000000000000082e-05,1.000000000000000000e+00,3.000000000000000000e+00,1.000000000000000021e-03,1.000000000000000000e+00,3.000000000000000000e+02,1.000000000000000000e+00,3.216666666666666563e-01
1.000000000000000000e+00,0.000000000000000000e+00,3.162277660168379523e+00,1.000000000000000000e+00,1.000000000000000000e+00,9.999999999999999547e-07,3.162277660168379523e+00,3.000000000000000000e+00,3.162277660168379394e-04,1.000000000000000000e+00,1.000000000000000000e+02,1.000000000000000000e+00,2.833333333333333259e-01
1.000000000000000000e+00,1.000000000000000000e+00,1.000000000000000000e+01,1.000000000000000000e+00,1.000000000000000000e+00,0.000000000000000000e+00,1.000000000000000000e+00,3.000000000000000000e+00,1.000000000000000048e-04,0.000000000000000000e+00,2.000000000000000000e+02,0.000000000000000000e+00,2.533333333333333548e-01
1.000000000000000000e+00,1.000000000000000000e+00,3.162277660168379256e+01,1.000000000000000000e+00,1.000000000000000000e+00,1.000000000000000082e-05,1.000000000000000000e+00,3.000000000000000000e+00,1.000000000000000021e-03,0.000000000000000000e+00,2.000000000000000000e+02,0.000000000000000000e+00,2.783333333333333770e-01
1.000000000000000000e+00,1.000000000000000000e+00,3.162277660168379256e+01,1.000000000000000000e+00,1.000000000000000000e+00,1.000000000000000082e-05,1.000000000000000000e+00,2.000000000000000000e+00,1.000000000000000021e-03,0.000000000000000000e+00,3.000000000000000000e+02,0.000000000000000000e+00,2.999999999999999889e-01
1.000000000000000000e+00,1.000000000000000000e+00,3.162277660168379256e+01,1.000000000000000000e+00,1.000000000000000000e+00,0.000000000000000000e+00,3.162277660168379523e+00,1.000000000000000000e+00,1.000000000000000048e-04,0.000000000000000000e+00,2.000000000000000000e+02,0.000000000000000000e+00,2.966666666666666341e-01
1.000000000000000000e+00,1.000000000000000000e+00,3.162277660168379523e+00,1.000000000000000000e+00,1.000000000000000000e+00,1.000000000000000048e-04,3.162277660168379523e+00,1.000000000000000000e+00,1.000000000000000021e-03,1.000000000000000000e+00,2.000000000000000000e+02,0.000000000000000000e+00,3.116666666666666474e-01
1.000000000000000000e+00,1.000000000000000000e+00,3.162277660168379523e+00,1.000000000000000000e+00,1.000000000000000000e+00,0.000000000000000000e+00,3.162277660168379523e+00,3.000000000000000000e+00,3.162277660168379394e-04,1.000000000000000000e+00,2.000000000000000000e+02,0.000000000000000000e+00,2.733333333333333171e-01
1.000000000000000000e+00,0.000000000000000000e+00,1.000000000000000000e+01,1.000000000000000000e+00,1.000000000000000000e+00,9.999999999999999547e-07,3.162277660168379523e+00,3.000000000000000000e+00,1.000000000000000048e-04,0.000000000000000000e+00,1.000000000000000000e+02,1.000000000000000000e+00,2.899999999999999800e-01
1.000000000000000000e+00,1.000000000000000000e+00,1.000000000000000000e+01,1.000000000000000000e+00,1.000000000000000000e+00,0.000000000000000000e+00,1.000000000000000000e+00,3.000000000000000000e+00,1.000000000000000021e-03,1.000000000000000000e+00,1.000000000000000000e+02,0.000000000000000000e+00,2.816666666666666208e-01
1.000000000000000000e+00,1.000000000000000000e+00,3.162277660168379256e+01,1.000000000000000000e+00,1.000000000000000000e+00,0.000000000000000000e+00,3.162277660168379523e+00,3.000000000000000000e+00,1.000000000000000021e-03,1.000000000000000000e+00,2.000000000000000000e+02,0.000000000000000000e+00,2.750000000000000222e-01
1.000000000000000000e+00,1.000000000000000000e+00,3.162277660168379523e+00,1.000000000000000000e+00,1.000000000000000000e+00,1.000000000000000082e-05,1.000000000000000000e+00,2.000000000000000000e+00,1.000000000000000048e-04,0.000000000000000000e+00,3.000000000000000000e+02,1.000000000000000000e+00,2.950000000000000400e-01
1.000000000000000000e+00,1.000000000000000000e+00,3.162277660168379256e+01,1.000000000000000000e+00,1.000000000000000000e+00,9.999999999999999547e-07,3.162277660168379523e+00,1.000000000000000000e+00,1.000000000000000021e-03,1.000000000000000000e+00,1.000000000000000000e+02,1.000000000000000000e+00,3.066666666666665875e-01
1.000000000000000000e+00,1.000000000000000000e+00,3.162277660168379256e+01,1.000000000000000000e+00,1.000000000000000000e+00,1.000000000000000048e-04,1.000000000000000000e+00,3.000000000000000000e+00,1.000000000000000021e-03,0.000000000000000000e+00,2.000000000000000000e+02,0.000000000000000000e+00,2.666666666666666630e-01
1.000000000000000000e+00,0.000000000000000000e+00,3.162277660168379256e+01,1.000000000000000000e+00,1.000000000000000000e+00,0.000000000000000000e+00,3.162277660168379523e+00,2.000000000000000000e+00,1.000000000000000021e-03,0.000000000000000000e+00,2.000000000000000000e+02,1.000000000000000000e+00,3.350000000000000200e-01
1.000000000000000000e+00,1.000000000000000000e+00,3.162277660168379523e+00,1.000000000000000000e+00,1.000000000000000000e+00,0.000000000000000000e+00,1.000000000000000000e+00,3.000000000000000000e+00,3.162277660168379394e-03,0.000000000000000000e+00,3.000000000000000000e+02,0.000000000000000000e+00,3.533333333333333326e-01
1.000000000000000000e+00,1.000000000000000000e+00,3.162277660168379256e+01,1.000000000000000000e+00,1.000000000000000000e+00,1.000000000000000082e-05,1.000000000000000000e+00,3.000000000000000000e+00,1.000000000000000048e-04,1.000000000000000000e+00,1.000000000000000000e+02,0.000000000000000000e+00,2.433333333333333459e-01
1.000000000000000000e+00,0.000000000000000000e+00,1.000000000000000000e+01,1.000000000000000000e+00,1.000000000000000000e+00,0.000000000000000000e+00,1.000000000000000000e+00,2.000000000000000000e+00,1.000000000000000048e-04,0.000000000000000000e+00,1.000000000000000000e+02,0.000000000000000000e+00,2.650000000000000133e-01
1.000000000000000000e+00,0.000000000000000000e+00,3.162277660168379523e+00,1.000000000000000000e+00,1.000000000000000000e+00,1.000000000000000082e-05,3.162277660168379523e+00,2.000000000000000000e+00,3.162277660168379394e-03,0.000000000000000000e+00,1.000000000000000000e+02,0.000000000000000000e+00,3.016666666666666385e-01
1.000000000000000000e+00,1.000000000000000000e+00,1.000000000000000000e+01,1.000000000000000000e+00,1.000000000000000000e+00,1.000000000000000082e-05,3.162277660168379523e+00,2.000000000000000000e+00,3.162277660168379394e-04,1.000000000000000000e+00,3.000000000000000000e+02,1.000000000000000000e+00,2.999999999999999334e-01
1.000000000000000000e+00,0.000000000000000000e+00,3.162277660168379523e+00,1.000000000000000000e+00,1.000000000000000000e+00,9.999999999999999547e-07,1.000000000000000000e+00,2.000000000000000000e+00,1.000000000000000048e-04,0.000000000000000000e+00,2.000000000000000000e+02,1.000000000000000000e+00,2.983333333333332837e-01
1.000000000000000000e+00,1.000000000000000000e+00,3.162277660168379256e+01,1.000000000000000000e+00,1.000000000000000000e+00,1.000000000000000048e-04,3.162277660168379523e+00,2.000000000000000000e+00,3.162277660168379394e-04,1.000000000000000000e+00,2.000000000000000000e+02,0.000000000000000000e+00,2.833333333333333259e-01
1.000000000000000000e+00,0.000000000000000000e+00,3.162277660168379256e+01,1.000000000000000000e+00,1.000000000000000000e+00,1.000000000000000082e-05,1.000000000000000000e+00,2.000000000000000000e+00,3.162277660168379394e-03,1.000000000000000000e+00,3.000000000000000000e+02,1.000000000000000000e+00,3.249999999999999556e-01
1.000000000000000000e+00,0.000000000000000000e+00,3.162277660168379523e+00,1.000000000000000000e+00,1.000000000000000000e+00,9.999999999999999547e-07,1.000000000000000000e+00,2.000000000000000000e+00,1.000000000000000048e-04,1.000000000000000000e+00,2.000000000000000000e+02,0.000000000000000000e+00,3.033333333333333437e-01
1.000000000000000000e+00,1.000000000000000000e+00,1.000000000000000000e+01,1.000000000000000000e+00,1.000000000000000000e+00,1.000000000000000082e-05,3.162277660168379523e+00,2.000000000000000000e+00,3.162277660168379394e-04,0.000000000000000000e+00,3.000000000000000000e+02,1.000000000000000000e+00,2.999999999999999334e-01
1.000000000000000000e+00,0.000000000000000000e+00,3.162277660168379256e+01,1.000000000000000000e+00,1.000000000000000000e+00,0.000000000000000000e+00,3.162277660168379523e+00,3.000000000000000000e+00,3.162277660168379394e-04,1.000000000000000000e+00,1.000000000000000000e+02,1.000000000000000000e+00,2.733333333333333171e-01
1.000000000000000000e+00,1.000000000000000000e+00,3.162277660168379256e+01,1.000000000000000000e+00,1.000000000000000000e+00,9.999999999999999547e-07,1.000000000000000000e+00,1.000000000000000000e+00,3.162277660168379394e-03,0.000000000000000000e+00,3.000000000000000000e+02,1.000000000000000000e+00,2.950000000000000400e-01
1.000000000000000000e+00,0.000000000000000000e+00,3.162277660168379523e+00,1.000000000000000000e+00,1.000000000000000000e+00,0.000000000000000000e+00,3.162277660168379523e+00,1.000000000000000000e+00,3.162277660168379394e-04,0.000000000000000000e+00,2.000000000000000000e+02,0.000000000000000000e+00,3.099999999999999423e-01
1.000000000000000000e+00,0.000000000000000000e+00,3.162277660168379523e+00,1.000000000000000000e+00,1.000000000000000000e+00,1.000000000000000082e-05,1.000000000000000000e+00,3.000000000000000000e+00,1.000000000000000048e-04,1.000000000000000000e+00,2.000000000000000000e+02,1.000000000000000000e+00,3.350000000000000200e-01
1.000000000000000000e+00,0.000000000000000000e+00,3.162277660168379256e+01,1.000000000000000000e+00,1.000000000000000000e+00,0.000000000000000000e+00,3.162277660168379523e+00,3.000000000000000000e+00,3.162277660168379394e-03,1.000000000000000000e+00,2.000000000000000000e+02,1.000000000000000000e+00,3.250000000000000666e-01
1.000000000000000000e+00,1.000000000000000000e+00,1.000000000000000000e+01,1.000000000000000000e+00,1.000000000000000000e+00,9.999999999999999547e-07,3.162277660168379523e+00,1.000000000000000000e+00,3.162277660168379394e-04,0.000000000000000000e+00,3.000000000000000000e+02,0.000000000000000000e+00,2.833333333333333259e-01
1.000000000000000000e+00,1.000000000000000000e+00,1.000000000000000000e+01,1.000000000000000000e+00,1.000000000000000000e+00,1.000000000000000082e-05,3.162277660168379523e+00,3.000000000000000000e+00,3.162277660168379394e-03,0.000000000000000000e+00,2.000000000000000000e+02,0.000000000000000000e+00,2.783333333333333215e-01
1.000000000000000000e+00,0.000000000000000000e+00,1.000000000000000000e+01,1.000000000000000000e+00,1.000000000000000000e+00,9.999999999999999547e-07,1.000000000000000000e+00,3.000000000000000000e+00,3.162277660168379394e-03,0.000000000000000000e+00,2.000000000000000000e+02,1.000000000000000000e+00,2.999999999999999889e-01
1.000000000000000000e+00,0.000000000000000000e+00,1.000000000000000000e+01,1.000000000000000000e+00,1.000000000000000000e+00,1.000000000000000048e-04,3.162277660168379523e+00,3.000000000000000000e+00,3.162277660168379394e-04,0.000000000000000000e+00,2.000000000000000000e+02,1.000000000000000000e+00,3.166666666666666519e-01
1.000000000000000000e+00,0.000000000000000000e+00,3.162277660168379256e+01,1.000000000000000000e+00,1.000000000000000000e+00,1.000000000000000048e-04,1.000000000000000000e+00,3.000000000000000000e+00,3.162277660168379394e-04,1.000000000000000000e+00,2.000000000000000000e+02,0.000000000000000000e+00,3.233333333333333615e-01
1.000000000000000000e+00,0.000000000000000000e+00,3.162277660168379256e+01,1.000000000000000000e+00,1.000000000000000000e+00,1.000000000000000082e-05,1.000000000000000000e+00,3.000000000000000000e+00,3.162277660168379394e-04,0.000000000000000000e+00,2.000000000000000000e+02,1.000000000000000000e+00,3.150000000000000577e-01
1.000000000000000000e+00,1.000000000000000000e+00,3.162277660168379523e+00,1.000000000000000000e+00,1.000000000000000000e+00,1.000000000000000082e-05,3.162277660168379523e+00,3.000000000000000000e+00,3.162277660168379394e-03,0.000000000000000000e+00,3.000000000000000000e+02,1.000000000000000000e+00,3.066666666666666985e-01
1.000000000000000000e+00,0.000000000000000000e+00,1.000000000000000000e+01,1.000000000000000000e+00,1.000000000000000000e+00,1.000000000000000082e-05,1.000000000000000000e+00,1.000000000000000000e+00,1.000000000000000021e-03,0.000000000000000000e+00,1.000000000000000000e+02,1.000000000000000000e+00,3.066666666666666430e-01
1.000000000000000000e+00,0.000000000000000000e+00,3.162277660168379523e+00,1.000000000000000000e+00,1.000000000000000000e+00,0.000000000000000000e+00,1.000000000000000000e+00,3.000000000000000000e+00,1.000000000000000048e-04,1.000000000000000000e+00,2.000000000000000000e+02,0.000000000000000000e+00,2.983333333333332837e-01
1.000000000000000000e+00,1.000000000000000000e+00,3.162277660168379523e+00,1.000000000000000000e+00,1.000000000000000000e+00,9.999999999999999547e-07,1.000000000000000000e+00,2.000000000000000000e+00,1.000000000000000048e-04,0.000000000000000000e+00,1.000000000000000000e+02,0.000000000000000000e+00,2.533333333333332993e-01
1.000000000000000000e+00,1.000000000000000000e+00,1.000000000000000000e+01,1.000000000000000000e+00,1.000000000000000000e+00,9.999999999999999547e-07,3.162277660168379523e+00,2.000000000000000000e+00,1.000000000000000021e-03,0.000000000000000000e+00,3.000000000000000000e+02,0.000000000000000000e+00,2.816666666666666208e-01
1.000000000000000000e+00,1.000000000000000000e+00,3.162277660168379523e+00,1.000000000000000000e+00,1.000000000000000000e+00,0.000000000000000000e+00,3.162277660168379523e+00,1.000000000000000000e+00,3.162277660168379394e-03,0.000000000000000000e+00,3.000000000000000000e+02,1.000000000000000000e+00,3.349999999999999090e-01
1.000000000000000000e+00,1.000000000000000000e+00,1.000000000000000000e+01,1.000000000000000000e+00,1.000000000000000000e+00,1.000000000000000082e-05,3.162277660168379523e+00,2.000000000000000000e+00,1.000000000000000048e-04,1.000000000000000000e+00,2.000000000000000000e+02,0.000000000000000000e+00,2.849999999999999756e-01
1.000000000000000000e+00,1.000000000000000000e+00,1.000000000000000000e+01,1.000000000000000000e+00,1.000000000000000000e+00,9.999999999999999547e-07,1.000000000000000000e+00,2.000000000000000000e+00,3.162277660168379394e-04,0.000000000000000000e+00,2.000000000000000000e+02,1.000000000000000000e+00,2.833333333333333259e-01
1.000000000000000000e+00,0.000000000000000000e+00,3.162277660168379523e+00,1.000000000000000000e+00,1.000000000000000000e+00,0.000000000000000000e+00,3.162277660168379523e+00,2.000000000000000000e+00,1.000000000000000048e-04,1.000000000000000000e+00,3.000000000000000000e+02,0.000000000000000000e+00,3.283333333333333104e-01
1.000000000000000000e+00,0.000000000000000000e+00,1.000000000000000000e+01,1.000000000000000000e+00,1.000000000000000000e+00,1.000000000000000082e-05,3.162277660168379523e+00,3.000000000000000000e+00,3.162277660168379394e-03,0.000000000000000000e+00,3.000000000000000000e+02,1.000000000000000000e+00,3.216666666666666563e-01
1.000000000000000000e+00,0.000000000000000000e+00,3.162277660168379523e+00,1.000000000000000000e+00,1.000000000000000000e+00,1.000000000000000082e-05,3.162277660168379523e+00,2.000000000000000000e+00,3.162277660168379394e-04,1.000000000000000000e+00,1.000000000000000000e+02,0.000000000000000000e+00,2.683333333333333126e-01
1.000000000000000000e+00,1.000000000000000000e+00,1.000000000000000000e+01,1.000000000000000000e+00,1.000000000000000000e+00,9.999999999999999547e-07,1.000000000000000000e+00,1.000000000000000000e+00,1.000000000000000021e-03,1.000000000000000000e+00,3.000000000000000000e+02,0.000000000000000000e+00,3.066666666666666430e-01
1.000000000000000000e+00,0.000000000000000000e+00,3.162277660168379256e+01,1.000000000000000000e+00,1.000000000000000000e+00,1.000000000000000082e-05,3.162277660168379523e+00,1.000000000000000000e+00,3.162277660168379394e-03,1.000000000000000000e+00,1.000000000000000000e+02,0.000000000000000000e+00,3.016666666666666941e-01
1.000000000000000000e+00,1.000000000000000000e+00,3.162277660168379256e+01,1.000000000000000000e+00,1.000000000000000000e+00,1.000000000000000082e-05,3.162277660168379523e+00,3.000000000000000000e+00,3.162277660168379394e-03,1.000000000000000000e+00,3.000000000000000000e+02,0.000000000000000000e+00,2.899999999999999245e-01
1.000000000000000000e+00,0.000000000000000000e+00,3.162277660168379523e+00,1.000000000000000000e+00,1.000000000000000000e+00,0.000000000000000000e+00,3.162277660168379523e+00,3.000000000000000000e+00,3.162277660168379394e-03,0.000000000000000000e+00,1.000000000000000000e+02,1.000000000000000000e+00,3.099999999999999978e-01
1.000000000000000000e+00,1.000000000000000000e+00,1.000000000000000000e+01,1.000000000000000000e+00,1.000000000000000000e+00,9.999999999999999547e-07,3.162277660168379523e+00,1.000000000000000000e+00,1.000000000000000021e-03,1.000000000000000000e+00,3.000000000000000000e+02,1.000000000000000000e+00,3.399999999999999689e-01
1.000000000000000000e+00,1.000000000000000000e+00,1.000000000000000000e+01,1.000000000000000000e+00,1.000000000000000000e+00,0.000000000000000000e+00,3.162277660168379523e+00,1.000000000000000000e+00,3.162277660168379394e-03,1.000000000000000000e+00,1.000000000000000000e+02,1.000000000000000000e+00,3.033333333333332882e-01
1.000000000000000000e+00,0.000000000000000000e+00,3.162277660168379256e+01,1.000000000000000000e+00,1.000000000000000000e+00,1.000000000000000082e-05,1.000000000000000000e+00,2.000000000000000000e+00,3.162277660168379394e-03,0.000000000000000000e+00,3.000000000000000000e+02,1.000000000000000000e+00,3.249999999999999556e-01
1.000000000000000000e+00,1.000000000000000000e+00,3.162277660168379256e+01,1.000000000000000000e+00,1.000000000000000000e+00,0.000000000000000000e+00,1.000000000000000000e+00,1.000000000000000000e+00,3.162277660168379394e-04,1.000000000000000000e+00,2.000000000000000000e+02,0.000000000000000000e+00,2.966666666666666341e-01
1.000000000000000000e+00,0.000000000000000000e+00,3.162277660168379523e+00,1.000000000000000000e+00,1.000000000000000000e+00,0.000000000000000000e+00,3.162277660168379523e+00,2.000000000000000000e+00,1.000000000000000021e-03,1.000000000000000000e+00,2.000000000000000000e+02,1.000000000000000000e+00,3.350000000000000200e-01
1.000000000000000000e+00,1.000000000000000000e+00,3.162277660168379256e+01,1.000000000000000000e+00,1.000000000000000000e+00,0.000000000000000000e+00,1.000000000000000000e+00,3.000000000000000000e+00,1.000000000000000021e-03,0.000000000000000000e+00,2.000000000000000000e+02,0.000000000000000000e+00,2.899999999999999245e-01
1.000000000000000000e+00,1.000000000000000000e+00,3.162277660168379256e+01,1.000000000000000000e+00,1.000000000000000000e+00,9.999999999999999547e-07,1.000000000000000000e+00,1.000000000000000000e+00,1.000000000000000048e-04,1.000000000000000000e+00,3.000000000000000000e+02,0.000000000000000000e+00,2.983333333333333393e-01
1.000000000000000000e+00,1.000000000000000000e+00,3.162277660168379523e+00,1.000000000000000000e+00,1.000000000000000000e+00,9.999999999999999547e-07,1.000000000000000000e+00,3.000000000000000000e+00,3.162277660168379394e-04,0.000000000000000000e+00,2.000000000000000000e+02,0.000000000000000000e+00,2.783333333333333215e-01
1.000000000000000000e+00,0.000000000000000000e+00,3.162277660168379256e+01,1.000000000000000000e+00,1.000000000000000000e+00,1.000000000000000082e-05,1.000000000000000000e+00,2.000000000000000000e+00,3.162277660168379394e-03,1.000000000000000000e+00,1.000000000000000000e+02,0.000000000000000000e+00,2.849999999999999756e-01
1.000000000000000000e+00,0.000000000000000000e+00,3.162277660168379256e+01,1.000000000000000000e+00,1.000000000000000000e+00,1.000000000000000048e-04,1.000000000000000000e+00,1.000000000000000000e+00,3.162277660168379394e-03,1.000000000000000000e+00,1.000000000000000000e+02,0.000000000000000000e+00,2.933333333333332793e-01
1.000000000000000000e+00,1.000000000000000000e+00,3.162277660168379256e+01,1.000000000000000000e+00,1.000000000000000000e+00,1.000000000000000082e-05,3.162277660168379523e+00,2.000000000000000000e+00,1.000000000000000021e-03,1.000000000000000000e+00,1.000000000000000000e+02,0.000000000000000000e+00,2.799999999999999711e-01
1.000000000000000000e+00,1.000000000000000000e+00,3.162277660168379523e+00,1.000000000000000000e+00,1.000000000000000000e+00,1.000000000000000082e-05,1.000000000000000000e+00,3.000000000000000000e+00,1.000000000000000048e-04,1.000000000000000000e+00,2.000000000000000000e+02,0.000000000000000000e+00,2.650000000000000133e-01
1.000000000000000000e+00,1.000000000000000000e+00,3.162277660168379523e+00,1.000000000000000000e+00,1.000000000000000000e+00,1.000000000000000048e-04,3.162277660168379523e+00,3.000000000000000000e+00,1.000000000000000048e-04,0.000000000000000000e+00,2.000000000000000000e+02,1.000000000000000000e+00,2.633333333333333082e-01
1.000000000000000000e+00,0.000000000000000000e+00,3.162277660168379256e+01,1.000000000000000000e+00,1.000000000000000000e+00,9.999999999999999547e-07,1.000000000000000000e+00,2.000000000000000000e+00,1.000000000000000021e-03,0.000000000000000000e+00,3.000000000000000000e+02,1.000000000000000000e+00,3.183333333333333015e-01
0.000000000000000000e+00,0.000000000000000000e+00,0.000000000000000000e+00,0.000000000000000000e+00,0.000000000000000000e+00,0.000000000000000000e+00,0.000000000000000000e+00,0.000000000000000000e+00,0.000000000000000000e+00,0.000000000000000000e+00,0.000000000000000000e+00,0.000000000000000000e+00,0.000000000000000000e+00
0.000000000000000000e+00,0.000000000000000000e+00,0.000000000000000000e+00,0.000000000000000000e+00,0.000000000000000000e+00,0.000000000000000000e+00,0.000000000000000000e+00,0.000000000000000000e+00,0.000000000000000000e+00,0.000000000000000000e+00,0.000000000000000000e+00,0.000000000000000000e+00,0.000000000000000000e+00
0.000000000000000000e+00,0.000000000000000000e+00,0.000000000000000000e+00,0.000000000000000000e+00,0.000000000000000000e+00,0.000000000000000000e+00,0.000000000000000000e+00,0.000000000000000000e+00,0.000000000000000000e+00,0.000000000000000000e+00,0.000000000000000000e+00,0.000000000000000000e+00,0.000000000000000000e+00
0.000000000000000000e+00,0.000000000000000000e+00,0.000000000000000000e+00,0.000000000000000000e+00,0.000000000000000000e+00,0.000000000000000000e+00,0.000000000000000000e+00,0.000000000000000000e+00,0.000000000000000000e+00,0.000000000000000000e+00,0.000000000000000000e+00,0.000000000000000000e+00,0.000000000000000000e+00
0.000000000000000000e+00,0.000000000000000000e+00,0.000000000000000000e+00,0.000000000000000000e+00,0.000000000000000000e+00,0.000000000000000000e+00,0.000000000000000000e+00,0.000000000000000000e+00,0.000000000000000000e+00,0.000000000000000000e+00,0.000000000000000000e+00,0.000000000000000000e+00,0.000000000000000000e+00
0.000000000000000000e+00,0.000000000000000000e+00,0.000000000000000000e+00,0.000000000000000000e+00,0.000000000000000000e+00,0.000000000000000000e+00,0.000000000000000000e+00,0.000000000000000000e+00,0.000000000000000000e+00,0.000000000000000000e+00,0.000000000000000000e+00,0.000000000000000000e+00,0.000000000000000000e+00
0.000000000000000000e+00,0.000000000000000000e+00,0.000000000000000000e+00,0.000000000000000000e+00,0.000000000000000000e+00,0.000000000000000000e+00,0.000000000000000000e+00,0.000000000000000000e+00,0.000000000000000000e+00,0.000000000000000000e+00,0.000000000000000000e+00,0.000000000000000000e+00,0.000000000000000000e+00
0.000000000000000000e+00,0.000000000000000000e+00,0.000000000000000000e+00,0.000000000000000000e+00,0.000000000000000000e+00,0.000000000000000000e+00,0.000000000000000000e+00,0.000000000000000000e+00,0.000000000000000000e+00,0.000000000000000000e+00,0.000000000000000000e+00,0.000000000000000000e+00,0.000000000000000000e+00
0.000000000000000000e+00,0.000000000000000000e+00,0.000000000000000000e+00,0.000000000000000000e+00,0.000000000000000000e+00,0.000000000000000000e+00,0.000000000000000000e+00,0.000000000000000000e+00,0.000000000000000000e+00,0.000000000000000000e+00,0.000000000000000000e+00,0.000000000000000000e+00,0.000000000000000000e+00
0.000000000000000000e+00,0.000000000000000000e+00,0.000000000000000000e+00,0.000000000000000000e+00,0.000000000000000000e+00,0.000000000000000000e+00,0.000000000000000000e+00,0.000000000000000000e+00,0.000000000000000000e+00,0.000000000000000000e+00,0.000000000000000000e+00,0.000000000000000000e+00,0.000000000000000000e+00
0.000000000000000000e+00,0.000000000000000000e+00,0.000000000000000000e+00,0.000000000000000000e+00,0.000000000000000000e+00,0.000000000000000000e+00,0.000000000000000000e+00,0.000000000000000000e+00,0.000000000000000000e+00,0.000000000000000000e+00,0.000000000000000000e+00,0.000000000000000000e+00,0.000000000000000000e+00
0.000000000000000000e+00,0.000000000000000000e+00,0.000000000000000000e+00,0.000000000000000000e+00,0.000000000000000000e+00,0.000000000000000000e+00,0.000000000000000000e+00,0.000000000000000000e+00,0.000000000000000000e+00,0.000000000000000000e+00,0.000000000000000000e+00,0.000000000000000000e+00,0.000000000000000000e+00
0.000000000000000000e+00,0.000000000000000000e+00,0.000000000000000000e+00,0.000000000000000000e+00,0.000000000000000000e+00,0.000000000000000000e+00,0.000000000000000000e+00,0.000000000000000000e+00,0.000000000000000000e+00,0.000000000000000000e+00,0.000000000000000000e+00,0.000000000000000000e+00,0.000000000000000000e+00
0.000000000000000000e+00,0.000000000000000000e+00,0.000000000000000000e+00,0.000000000000000000e+00,0.000000000000000000e+00,0.000000000000000000e+00,0.000000000000000000e+00,0.000000000000000000e+00,0.000000000000000000e+00,0.000000000000000000e+00,0.000000000000000000e+00,0.000000000000000000e+00,0.000000000000000000e+00
0.000000000000000000e+00,0.000000000000000000e+00,0.000000000000000000e+00,0.000000000000000000e+00,0.000000000000000000e+00,0.000000000000000000e+00,0.000000000000000000e+00,0.000000000000000000e+00,0.000000000000000000e+00,0.000000000000000000e+00,0.000000000000000000e+00,0.000000000000000000e+00,0.000000000000000000e+00
0.000000000000000000e+00,0.000000000000000000e+00,0.000000000000000000e+00,0.000000000000000000e+00,0.000000000000000000e+00,0.000000000000000000e+00,0.000000000000000000e+00,0.000000000000000000e+00,0.000000000000000000e+00,0.000000000000000000e+00,0.000000000000000000e+00,0.000000000000000000e+00,0.000000000000000000e+00
0.000000000000000000e+00,0.000000000000000000e+00,0.000000000000000000e+00,0.000000000000000000e+00,0.000000000000000000e+00,0.000000000000000000e+00,0.000000000000000000e+00,0.000000000000000000e+00,0.000000000000000000e+00,0.000000000000000000e+00,0.000000000000000000e+00,0.000000000000000000e+00,0.000000000000000000e+00
0.000000000000000000e+00,0.000000000000000000e+00,0.000000000000000000e+00,0.000000000000000000e+00,0.000000000000000000e+00,0.000000000000000000e+00,0.000000000000000000e+00,0.000000000000000000e+00,0.000000000000000000e+00,0.000000000000000000e+00,0.000000000000000000e+00,0.000000000000000000e+00,0.000000000000000000e+00
0.000000000000000000e+00,0.000000000000000000e+00,0.000000000000000000e+00,0.000000000000000000e+00,0.000000000000000000e+00,0.000000000000000000e+00,0.000000000000000000e+00,0.000000000000000000e+00,0.000000000000000000e+00,0.000000000000000000e+00,0.000000000000000000e+00,0.000000000000000000e+00,0.000000000000000000e+00
0.000000000000000000e+00,0.000000000000000000e+00,0.000000000000000000e+00,0.000000000000000000e+00,0.000000000000000000e+00,0.000000000000000000e+00,0.000000000000000000e+00,0.000000000000000000e+00,0.000000000000000000e+00,0.000000000000000000e+00,0.000000000000000000e+00,0.000000000000000000e+00,0.000000000000000000e+00
0.000000000000000000e+00,0.000000000000000000e+00,0.000000000000000000e+00,0.000000000000000000e+00,0.000000000000000000e+00,0.000000000000000000e+00,0.000000000000000000e+00,0.000000000000000000e+00,0.000000000000000000e+00,0.000000000000000000e+00,0.000000000000000000e+00,0.000000000000000000e+00,0.000000000000000000e+00
0.000000000000000000e+00,0.000000000000000000e+00,0.000000000000000000e+00,0.000000000000000000e+00,0.000000000000000000e+00,0.000000000000000000e+00,0.000000000000000000e+00,0.000000000000000000e+00,0.000000000000000000e+00,0.000000000000000000e+00,0.000000000000000000e+00,0.000000000000000000e+00,0.000000000000000000e+00
0.000000000000000000e+00,0.000000000000000000e+00,0.000000000000000000e+00,0.000000000000000000e+00,0.000000000000000000e+00,0.000000000000000000e+00,0.000000000000000000e+00,0.000000000000000000e+00,0.000000000000000000e+00,0.000000000000000000e+00,0.000000000000000000e+00,0.000000000000000000e+00,0.000000000000000000e+00
0.000000000000000000e+00,0.000000000000000000e+00,0.000000000000000000e+00,0.000000000000000000e+00,0.000000000000000000e+00,0.000000000000000000e+00,0.000000000000000000e+00,0.000000000000000000e+00,0.000000000000000000e+00,0.000000000000000000e+00,0.000000000000000000e+00,0.000000000000000000e+00,0.000000000000000000e+00
0.000000000000000000e+00,0.000000000000000000e+00,0.000000000000000000e+00,0.000000000000000000e+00,0.000000000000000000e+00,0.000000000000000000e+00,0.000000000000000000e+00,0.000000000000000000e+00,0.000000000000000000e+00,0.000000000000000000e+00,0.000000000000000000e+00,0.000000000000000000e+00,0.000000000000000000e+00
0.000000000000000000e+00,0.000000000000000000e+00,0.000000000000000000e+00,0.000000000000000000e+00,0.000000000000000000e+00,0.000000000000000000e+00,0.000000000000000000e+00,0.000000000000000000e+00,0.000000000000000000e+00,0.000000000000000000e+00,0.000000000000000000e+00,0.000000000000000000e+00,0.000000000000000000e+00
0.000000000000000000e+00,0.000000000000000000e+00,0.000000000000000000e+00,0.000000000000000000e+00,0.000000000000000000e+00,0.000000000000000000e+00,0.000000000000000000e+00,0.000000000000000000e+00,0.000000000000000000e+00,0.000000000000000000e+00,0.000000000000000000e+00,0.000000000000000000e+00,0.000000000000000000e+00
0.000000000000000000e+00,0.000000000000000000e+00,0.000000000000000000e+00,0.000000000000000000e+00,0.000000000000000000e+00,0.000000000000000000e+00,0.000000000000000000e+00,0.000000000000000000e+00,0.000000000000000000e+00,0.000000000000000000e+00,0.000000000000000000e+00,0.000000000000000000e+00,0.000000000000000000e+00
0.000000000000000000e+00,0.000000000000000000e+00,0.000000000000000000e+00,0.000000000000000000e+00,0.000000000000000000e+00,0.000000000000000000e+00,0.000000000000000000e+00,0.000000000000000000e+00,0.000000000000000000e+00,0.000000000000000000e+00,0.000000000000000000e+00,0.000000000000000000e+00,0.000000000000000000e+00
0.000000000000000000e+00,0.000000000000000000e+00,0.000000000000000000e+00,0.000000000000000000e+00,0.000000000000000000e+00,0.000000000000000000e+00,0.000000000000000000e+00,0.000000000000000000e+00,0.000000000000000000e+00,0.000000000000000000e+00,0.000000000000000000e+00,0.000000000000000000e+00,0.000000000000000000e+00
0.000000000000000000e+00,0.000000000000000000e+00,0.000000000000000000e+00,0.000000000000000000e+00,0.000000000000000000e+00,0.000000000000000000e+00,0.000000000000000000e+00,0.000000000000000000e+00,0.000000000000000000e+00,0.000000000000000000e+00,0.000000000000000000e+00,0.000000000000000000e+00,0.000000000000000000e+00
0.000000000000000000e+00,0.000000000000000000e+00,0.000000000000000000e+00,0.000000000000000000e+00,0.000000000000000000e+00,0.000000000000000000e+00,0.000000000000000000e+00,0.000000000000000000e+00,0.000000000000000000e+00,0.000000000000000000e+00,0.000000000000000000e+00,0.000000000000000000e+00,0.000000000000000000e+00
0.000000000000000000e+00,0.000000000000000000e+00,0.000000000000000000e+00,0.000000000000000000e+00,0.000000000000000000e+00,0.000000000000000000e+00,0.000000000000000000e+00,0.000000000000000000e+00,0.000000000000000000e+00,0.000000000000000000e+00,0.000000000000000000e+00,0.000000000000000000e+00,0.000000000000000000e+00
0.000000000000000000e+00,0.000000000000000000e+00,0.000000000000000000e+00,0.000000000000000000e+00,0.000000000000000000e+00,0.000000000000000000e+00,0.000000000000000000e+00,0.000000000000000000e+00,0.000000000000000000e+00,0.000000000000000000e+00,0.000000000000000000e+00,0.000000000000000000e+00,0.000000000000000000e+00
0.000000000000000000e+00,0.000000000000000000e+00,0.000000000000000000e+00,0.000000000000000000e+00,0.000000000000000000e+00,0.000000000000000000e+00,0.000000000000000000e+00,0.000000000000000000e+00,0.000000000000000000e+00,0.000000000000000000e+00,0.000000000000000000e+00,0.000000000000000000e+00,0.000000000000000000e+00
0.000000000000000000e+00,0.000000000000000000e+00,0.000000000000000000e+00,0.000000000000000000e+00,0.000000000000000000e+00,0.000000000000000000e+00,0.000000000000000000e+00,0.000000000000000000e+00,0.000000000000000000e+00,0.000000000000000000e+00,0.000000000000000000e+00,0.000000000000000000e+00,0.000000000000000000e+00
0.000000000000000000e+00,0.000000000000000000e+00,0.000000000000000000e+00,0.000000000000000000e+00,0.000000000000000000e+00,0.000000000000000000e+00,0.000000000000000000e+00,0.000000000000000000e+00,0.000000000000000000e+00,0.000000000000000000e+00,0.000000000000000000e+00,0.000000000000000000e+00,0.000000000000000000e+00
0.000000000000000000e+00,0.000000000000000000e+00,0.000000000000000000e+00,0.000000000000000000e+00,0.000000000000000000e+00,0.000000000000000000e+00,0.000000000000000000e+00,0.000000000000000000e+00,0.000000000000000000e+00,0.000000000000000000e+00,0.000000000000000000e+00,0.000000000000000000e+00,0.000000000000000000e+00
0.000000000000000000e+00,0.000000000000000000e+00,0.000000000000000000e+00,0.000000000000000000e+00,0.000000000000000000e+00,0.000000000000000000e+00,0.000000000000000000e+00,0.000000000000000000e+00,0.000000000000000000e+00,0.000000000000000000e+00,0.000000000000000000e+00,0.000000000000000000e+00,0.000000000000000000e+00
0.000000000000000000e+00,0.000000000000000000e+00,0.000000000000000000e+00,0.000000000000000000e+00,0.000000000000000000e+00,0.000000000000000000e+00,0.000000000000000000e+00,0.000000000000000000e+00,0.000000000000000000e+00,0.000000000000000000e+00,0.000000000000000000e+00,0.000000000000000000e+00,0.000000000000000000e+00
0.000000000000000000e+00,0.000000000000000000e+00,0.000000000000000000e+00,0.000000000000000000e+00,0.000000000000000000e+00,0.000000000000000000e+00,0.000000000000000000e+00,0.000000000000000000e+00,0.000000000000000000e+00,0.000000000000000000e+00,0.000000000000000000e+00,0.000000000000000000e+00,0.000000000000000000e+00
0.000000000000000000e+00,0.000000000000000000e+00,0.000000000000000000e+00,0.000000000000000000e+00,0.000000000000000000e+00,0.000000000000000000e+00,0.000000000000000000e+00,0.000000000000000000e+00,0.000000000000000000e+00,0.000000000000000000e+00,0.000000000000000000e+00,0.000000000000000000e+00,0.000000000000000000e+00
0.000000000000000000e+00,0.000000000000000000e+00,0.000000000000000000e+00,0.000000000000000000e+00,0.000000000000000000e+00,0.000000000000000000e+00,0.000000000000000000e+00,0.000000000000000000e+00,0.000000000000000000e+00,0.000000000000000000e+00,0.000000000000000000e+00,0.000000000000000000e+00,0.000000000000000000e+00
0.000000000000000000e+00,0.000000000000000000e+00,0.000000000000000000e+00,0.000000000000000000e+00,0.000000000000000000e+00,0.000000000000000000e+00,0.000000000000000000e+00,0.000000000000000000e+00,0.000000000000000000e+00,0.000000000000000000e+00,0.000000000000000000e+00,0.000000000000000000e+00,0.000000000000000000e+00
0.000000000000000000e+00,0.000000000000000000e+00,0.000000000000000000e+00,0.000000000000000000e+00,0.000000000000000000e+00,0.000000000000000000e+00,0.000000000000000000e+00,0.000000000000000000e+00,0.000000000000000000e+00,0.000000000000000000e+00,0.000000000000000000e+00,0.000000000000000000e+00,0.000000000000000000e+00
0.000000000000000000e+00,0.000000000000000000e+00,0.000000000000000000e+00,0.000000000000000000e+00,0.000000000000000000e+00,0.000000000000000000e+00,0.000000000000000000e+00,0.000000000000000000e+00,0.000000000000000000e+00,0.000000000000000000e+00,0.000000000000000000e+00,0.000000000000000000e+00,0.000000000000000000e+00
0.000000000000000000e+00,0.000000000000000000e+00,0.000000000000000000e+00,0.000000000000000000e+00,0.000000000000000000e+00,0.000000000000000000e+00,0.000000000000000000e+00,0.000000000000000000e+00,0.000000000000000000e+00,0.000000000000000000e+00,0.000000000000000000e+00,0.000000000000000000e+00,0.000000000000000000e+00
0.000000000000000000e+00,0.000000000000000000e+00,0.000000000000000000e+00,0.000000000000000000e+00,0.000000000000000000e+00,0.000000000000000000e+00,0.000000000000000000e+00,0.000000000000000000e+00,0.000000000000000000e+00,0.000000000000000000e+00,0.000000000000000000e+00,0.000000000000000000e+00,0.000000000000000000e+00
0.000000000000000000e+00,0.000000000000000000e+00,0.000000000000000000e+00,0.000000000000000000e+00,0.000000000000000000e+00,0.000000000000000000e+00,0.000000000000000000e+00,0.000000000000000000e+00,0.000000000000000000e+00,0.000000000000000000e+00,0.000000000000000000e+00,0.000000000000000000e+00,0.000000000000000000e+00
0.000000000000000000e+00,0.000000000000000000e+00,0.000000000000000000e+00,0.000000000000000000e+00,0.000000000000000000e+00,0.000000000000000000e+00,0.000000000000000000e+00,0.000000000000000000e+00,0.000000000000000000e+00,0.000000000000000000e+00,0.000000000000000000e+00,0.000000000000000000e+00,0.000000000000000000e+00
0.000000000000000000e+00,0.000000000000000000e+00,0.000000000000000000e+00,0.000000000000000000e+00,0.000000000000000000e+00,0.000000000000000000e+00,0.000000000000000000e+00,0.000000000000000000e+00,0.000000000000000000e+00,0.000000000000000000e+00,0.000000000000000000e+00,0.000000000000000000e+00,0.000000000000000000e+00
0.000000000000000000e+00,0.000000000000000000e+00,0.000000000000000000e+00,0.000000000000000000e+00,0.000000000000000000e+00,0.000000000000000000e+00,0.000000000000000000e+00,0.000000000000000000e+00,0.000000000000000000e+00,0.000000000000000000e+00,0.000000000000000000e+00,0.000000000000000000e+00,0.000000000000000000e+00
0.000000000000000000e+00,0.000000000000000000e+00,0.000000000000000000e+00,0.000000000000000000e+00,0.000000000000000000e+00,0.000000000000000000e+00,0.000000000000000000e+00,0.000000000000000000e+00,0.000000000000000000e+00,0.000000000000000000e+00,0.000000000000000000e+00,0.000000000000000000e+00,0.000000000000000000e+00
0.000000000000000000e+00,0.000000000000000000e+00,0.000000000000000000e+00,0.000000000000000000e+00,0.000000000000000000e+00,0.000000000000000000e+00,0.000000000000000000e+00,0.000000000000000000e+00,0.000000000000000000e+00,0.000000000000000000e+00,0.000000000000000000e+00,0.000000000000000000e+00,0.000000000000000000e+00
0.000000000000000000e+00,0.000000000000000000e+00,0.000000000000000000e+00,0.000000000000000000e+00,0.000000000000000000e+00,0.000000000000000000e+00,0.000000000000000000e+00,0.000000000000000000e+00,0.000000000000000000e+00,0.000000000000000000e+00,0.000000000000000000e+00,0.000000000000000000e+00,0.000000000000000000e+00
0.000000000000000000e+00,0.000000000000000000e+00,0.000000000000000000e+00,0.000000000000000000e+00,0.000000000000000000e+00,0.000000000000000000e+00,0.000000000000000000e+00,0.000000000000000000e+00,0.000000000000000000e+00,0.000000000000000000e+00,0.000000000000000000e+00,0.000000000000000000e+00,0.000000000000000000e+00
0.000000000000000000e+00,0.000000000000000000e+00,0.000000000000000000e+00,0.000000000000000000e+00,0.000000000000000000e+00,0.000000000000000000e+00,0.000000000000000000e+00,0.000000000000000000e+00,0.000000000000000000e+00,0.000000000000000000e+00,0.000000000000000000e+00,0.000000000000000000e+00,0.000000000000000000e+00
0.000000000000000000e+00,0.000000000000000000e+00,0.000000000000000000e+00,0.000000000000000000e+00,0.000000000000000000e+00,0.000000000000000000e+00,0.000000000000000000e+00,0.000000000000000000e+00,0.000000000000000000e+00,0.000000000000000000e+00,0.000000000000000000e+00,0.000000000000000000e+00,0.000000000000000000e+00
0.000000000000000000e+00,0.000000000000000000e+00,0.000000000000000000e+00,0.000000000000000000e+00,0.000000000000000000e+00,0.000000000000000000e+00,0.000000000000000000e+00,0.000000000000000000e+00,0.000000000000000000e+00,0.000000000000000000e+00,0.000000000000000000e+00,0.000000000000000000e+00,0.000000000000000000e+00
0.000000000000000000e+00,0.000000000000000000e+00,0.000000000000000000e+00,0.000000000000000000e+00,0.000000000000000000e+00,0.000000000000000000e+00,0.000000000000000000e+00,0.000000000000000000e+00,0.000000000000000000e+00,0.000000000000000000e+00,0.000000000000000000e+00,0.000000000000000000e+00,0.000000000000000000e+00
0.000000000000000000e+00,0.000000000000000000e+00,0.000000000000000000e+00,0.000000000000000000e+00,0.000000000000000000e+00,0.000000000000000000e+00,0.000000000000000000e+00,0.000000000000000000e+00,0.000000000000000000e+00,0.000000000000000000e+00,0.000000000000000000e+00,0.000000000000000000e+00,0.000000000000000000e+00
0.000000000000000000e+00,0.000000000000000000e+00,0.000000000000000000e+00,0.000000000000000000e+00,0.000000000000000000e+00,0.000000000000000000e+00,0.000000000000000000e+00,0.000000000000000000e+00,0.000000000000000000e+00,0.000000000000000000e+00,0.000000000000000000e+00,0.000000000000000000e+00,0.000000000000000000e+00
0.000000000000000000e+00,0.000000000000000000e+00,0.000000000000000000e+00,0.000000000000000000e+00,0.000000000000000000e+00,0.000000000000000000e+00,0.000000000000000000e+00,0.000000000000000000e+00,0.000000000000000000e+00,0.000000000000000000e+00,0.000000000000000000e+00,0.000000000000000000e+00,0.000000000000000000e+00
0.000000000000000000e+00,0.000000000000000000e+00,0.000000000000000000e+00,0.000000000000000000e+00,0.000000000000000000e+00,0.000000000000000000e+00,0.000000000000000000e+00,0.000000000000000000e+00,0.000000000000000000e+00,0.000000000000000000e+00,0.000000000000000000e+00,0.000000000000000000e+00,0.000000000000000000e+00
0.000000000000000000e+00,0.000000000000000000e+00,0.000000000000000000e+00,0.000000000000000000e+00,0.000000000000000000e+00,0.000000000000000000e+00,0.000000000000000000e+00,0.000000000000000000e+00,0.000000000000000000e+00,0.000000000000000000e+00,0.000000000000000000e+00,0.000000000000000000e+00,0.000000000000000000e+00
0.000000000000000000e+00,0.000000000000000000e+00,0.000000000000000000e+00,0.000000000000000000e+00,0.000000000000000000e+00,0.000000000000000000e+00,0.000000000000000000e+00,0.000000000000000000e+00,0.000000000000000000e+00,0.000000000000000000e+00,0.000000000000000000e+00,0.000000000000000000e+00,0.000000000000000000e+00
0.000000000000000000e+00,0.000000000000000000e+00,0.000000000000000000e+00,0.000000000000000000e+00,0.000000000000000000e+00,0.000000000000000000e+00,0.000000000000000000e+00,0.000000000000000000e+00,0.000000000000000000e+00,0.000000000000000000e+00,0.000000000000000000e+00,0.000000000000000000e+00,0.000000000000000000e+00
0.000000000000000000e+00,0.000000000000000000e+00,0.000000000000000000e+00,0.000000000000000000e+00,0.000000000000000000e+00,0.000000000000000000e+00,0.000000000000000000e+00,0.000000000000000000e+00,0.000000000000000000e+00,0.000000000000000000e+00,0.000000000000000000e+00,0.000000000000000000e+00,0.000000000000000000e+00
0.000000000000000000e+00,0.000000000000000000e+00,0.000000000000000000e+00,0.000000000000000000e+00,0.000000000000000000e+00,0.000000000000000000e+00,0.000000000000000000e+00,0.000000000000000000e+00,0.000000000000000000e+00,0.000000000000000000e+00,0.000000000000000000e+00,0.000000000000000000e+00,0.000000000000000000e+00
0.000000000000000000e+00,0.000000000000000000e+00,0.000000000000000000e+00,0.000000000000000000e+00,0.000000000000000000e+00,0.000000000000000000e+00,0.000000000000000000e+00,0.000000000000000000e+00,0.000000000000000000e+00,0.000000000000000000e+00,0.000000000000000000e+00,0.000000000000000000e+00,0.000000000000000000e+00
0.000000000000000000e+00,0.000000000000000000e+00,0.000000000000000000e+00,0.000000000000000000e+00,0.000000000000000000e+00,0.000000000000000000e+00,0.000000000000000000e+00,0.000000000000000000e+00,0.000000000000000000e+00,0.000000000000000000e+00,0.000000000000000000e+00,0.000000000000000000e+00,0.000000000000000000e+00
0.000000000000000000e+00,0.000000000000000000e+00,0.000000000000000000e+00,0.000000000000000000e+00,0.000000000000000000e+00,0.000000000000000000e+00,0.000000000000000000e+00,0.000000000000000000e+00,0.000000000000000000e+00,0.000000000000000000e+00,0.000000000000000000e+00,0.000000000000000000e+00,0.000000000000000000e+00
0.000000000000000000e+00,0.000000000000000000e+00,0.000000000000000000e+00,0.000000000000000000e+00,0.000000000000000000e+00,0.000000000000000000e+00,0.000000000000000000e+00,0.000000000000000000e+00,0.000000000000000000e+00,0.000000000000000000e+00,0.000000000000000000e+00,0.000000000000000000e+00,0.000000000000000000e+00
0.000000000000000000e+00,0.000000000000000000e+00,0.000000000000000000e+00,0.000000000000000000e+00,0.000000000000000000e+00,0.000000000000000000e+00,0.000000000000000000e+00,0.000000000000000000e+00,0.000000000000000000e+00,0.000000000000000000e+00,0.000000000000000000e+00,0.000000000000000000e+00,0.000000000000000000e+00
0.000000000000000000e+00,0.000000000000000000e+00,0.000000000000000000e+00,0.000000000000000000e+00,0.000000000000000000e+00,0.000000000000000000e+00,0.000000000000000000e+00,0.000000000000000000e+00,0.000000000000000000e+00,0.000000000000000000e+00,0.000000000000000000e+00,0.000000000000000000e+00,0.000000000000000000e+00
0.000000000000000000e+00,0.000000000000000000e+00,0.000000000000000000e+00,0.000000000000000000e+00,0.000000000000000000e+00,0.000000000000000000e+00,0.000000000000000000e+00,0.000000000000000000e+00,0.000000000000000000e+00,0.000000000000000000e+00,0.000000000000000000e+00,0.000000000000000000e+00,0.000000000000000000e+00
0.000000000000000000e+00,0.000000000000000000e+00,0.000000000000000000e+00,0.000000000000000000e+00,0.000000000000000000e+00,0.000000000000000000e+00,0.000000000000000000e+00,0.000000000000000000e+00,0.000000000000000000e+00,0.000000000000000000e+00,0.000000000000000000e+00,0.000000000000000000e+00,0.000000000000000000e+00
0.000000000000000000e+00,0.000000000000000000e+00,0.000000000000000000e+00,0.000000000000000000e+00,0.000000000000000000e+00,0.000000000000000000e+00,0.000000000000000000e+00,0.000000000000000000e+00,0.000000000000000000e+00,0.000000000000000000e+00,0.000000000000000000e+00,0.000000000000000000e+00,0.000000000000000000e+00
0.000000000000000000e+00,0.000000000000000000e+00,0.000000000000000000e+00,0.000000000000000000e+00,0.000000000000000000e+00,0.000000000000000000e+00,0.000000000000000000e+00,0.000000000000000000e+00,0.000000000000000000e+00,0.000000000000000000e+00,0.000000000000000000e+00,0.000000000000000000e+00,0.000000000000000000e+00
0.000000000000000000e+00,0.000000000000000000e+00,0.000000000000000000e+00,0.000000000000000000e+00,0.000000000000000000e+00,0.000000000000000000e+00,0.000000000000000000e+00,0.000000000000000000e+00,0.000000000000000000e+00,0.000000000000000000e+00,0.000000000000000000e+00,0.000000000000000000e+00,0.000000000000000000e+00
0.000000000000000000e+00,0.000000000000000000e+00,0.000000000000000000e+00,0.000000000000000000e+00,0.000000000000000000e+00,0.000000000000000000e+00,0.000000000000000000e+00,0.000000000000000000e+00,0.000000000000000000e+00,0.000000000000000000e+00,0.000000000000000000e+00,0.000000000000000000e+00,0.000000000000000000e+00
0.000000000000000000e+00,0.000000000000000000e+00,0.000000000000000000e+00,0.000000000000000000e+00,0.000000000000000000e+00,0.000000000000000000e+00,0.000000000000000000e+00,0.000000000000000000e+00,0.000000000000000000e+00,0.000000000000000000e+00,0.000000000000000000e+00,0.000000000000000000e+00,0.000000000000000000e+00
0.000000000000000000e+00,0.000000000000000000e+00,0.000000000000000000e+00,0.000000000000000000e+00,0.000000000000000000e+00,0.000000000000000000e+00,0.000000000000000000e+00,0.000000000000000000e+00,0.000000000000000000e+00,0.000000000000000000e+00,0.000000000000000000e+00,0.000000000000000000e+00,0.000000000000000000e+00
0.000000000000000000e+00,0.000000000000000000e+00,0.000000000000000000e+00,0.000000000000000000e+00,0.000000000000000000e+00,0.000000000000000000e+00,0.000000000000000000e+00,0.000000000000000000e+00,0.000000000000000000e+00,0.000000000000000000e+00,0.000000000000000000e+00,0.000000000000000000e+00,0.000000000000000000e+00
0.000000000000000000e+00,0.000000000000000000e+00,0.000000000000000000e+00,0.000000000000000000e+00,0.000000000000000000e+00,0.000000000000000000e+00,0.000000000000000000e+00,0.000000000000000000e+00,0.000000000000000000e+00,0.000000000000000000e+00,0.000000000000000000e+00,0.000000000000000000e+00,0.000000000000000000e+00
0.000000000000000000e+00,0.000000000000000000e+00,0.000000000000000000e+00,0.000000000000000000e+00,0.000000000000000000e+00,0.000000000000000000e+00,0.000000000000000000e+00,0.000000000000000000e+00,0.000000000000000000e+00,0.000000000000000000e+00,0.000000000000000000e+00,0.000000000000000000e+00,0.000000000000000000e+00
0.000000000000000000e+00,0.000000000000000000e+00,0.000000000000000000e+00,0.000000000000000000e+00,0.000000000000000000e+00,0.000000000000000000e+00,0.000000000000000000e+00,0.000000000000000000e+00,0.000000000000000000e+00,0.000000000000000000e+00,0.000000000000000000e+00,0.000000000000000000e+00,0.000000000000000000e+00
0.000000000000000000e+00,0.000000000000000000e+00,0.000000000000000000e+00,0.000000000000000000e+00,0.000000000000000000e+00,0.000000000000000000e+00,0.000000000000000000e+00,0.000000000000000000e+00,0.000000000000000000e+00,0.000000000000000000e+00,0.000000000000000000e+00,0.000000000000000000e+00,0.000000000000000000e+00
0.000000000000000000e+00,0.000000000000000000e+00,0.000000000000000000e+00,0.000000000000000000e+00,0.000000000000000000e+00,0.000000000000000000e+00,0.000000000000000000e+00,0.000000000000000000e+00,0.000000000000000000e+00,0.000000000000000000e+00,0.000000000000000000e+00,0.000000000000000000e+00,0.000000000000000000e+00
0.000000000000000000e+00,0.000000000000000000e+00,0.000000000000000000e+00,0.000000000000000000e+00,0.000000000000000000e+00,0.000000000000000000e+00,0.000000000000000000e+00,0.000000000000000000e+00,0.000000000000000000e+00,0.000000000000000000e+00,0.000000000000000000e+00,0.000000000000000000e+00,0.000000000000000000e+00
0.000000000000000000e+00,0.000000000000000000e+00,0.000000000000000000e+00,0.000000000000000000e+00,0.000000000000000000e+00,0.000000000000000000e+00,0.000000000000000000e+00,0.000000000000000000e+00,0.000000000000000000e+00,0.000000000000000000e+00,0.000000000000000000e+00,0.000000000000000000e+00,0.000000000000000000e+00
